Ticker,Statut,Nb_faits
1F6.F,NON_COUVERT_OU_IDENTITE_AMBIGUE,0
HBQ.F,NON_COUVERT_OU_IDENTITE_AMBIGUE,0
INVN.F,NON_COUVERT_OU_IDENTITE_AMBIGUE,0
H460.F,NON_COUVERT_OU_IDENTITE_AMBIGUE,0
A5E0.F,NON_COUVERT_OU_IDENTITE_AMBIGUE,0
K4H.F,NON_COUVERT_OU_IDENTITE_AMBIGUE,0
G9D.F,NON_COUVERT_OU_IDENTITE_AMBIGUE,0
R5XA.F,NON_COUVERT_OU_IDENTITE_AMBIGUE,0
99H.F,NON_COUVERT_OU_IDENTITE_AMBIGUE,0
U9D0.F,NON_COUVERT_OU_IDENTITE_AMBIGUE,0
BL00.F,NON_COUVERT_OU_IDENTITE_AMBIGUE,0
SQL.F,NON_COUVERT_OU_IDENTITE_AMBIGUE,0
93G.F,NON_COUVERT_OU_IDENTITE_AMBIGUE,0
B0R.F,NON_COUVERT_OU_IDENTITE_AMBIGUE,0
GTY.SG,NON_COUVERT_OU_IDENTITE_AMBIGUE,0
94P.F,NON_COUVERT_OU_IDENTITE_AMBIGUE,0
D0E.F,NON_COUVERT_OU_IDENTITE_AMBIGUE,0
B66.F,NON_COUVERT_OU_IDENTITE_AMBIGUE,0
50S.F,NON_COUVERT_OU_IDENTITE_AMBIGUE,0
7YU.F,NON_COUVERT_OU_IDENTITE_AMBIGUE,0
NWX.F,NON_COUVERT_OU_IDENTITE_AMBIGUE,0
VF5.F,NON_COUVERT_OU_IDENTITE_AMBIGUE,0
4H7.F,NON_COUVERT_OU_IDENTITE_AMBIGUE,0
V5W.F,NON_COUVERT_OU_IDENTITE_AMBIGUE,0
HNT.F,NON_COUVERT_OU_IDENTITE_AMBIGUE,0
P15.SG,NON_COUVERT_OU_IDENTITE_AMBIGUE,0
ZF6.F,NON_COUVERT_OU_IDENTITE_AMBIGUE,0
6OP.F,NON_COUVERT_OU_IDENTITE_AMBIGUE,0
OSU.F,NON_COUVERT_OU_IDENTITE_AMBIGUE,0
MS7.F,NON_COUVERT_OU_IDENTITE_AMBIGUE,0
MSH.F,NON_COUVERT_OU_IDENTITE_AMBIGUE,0
U6Q.F,NON_COUVERT_OU_IDENTITE_AMBIGUE,0
W4U.F,NON_COUVERT_OU_IDENTITE_AMBIGUE,0
KZ70.F,NON_COUVERT_OU_IDENTITE_AMBIGUE,0
GUU.F,NON_COUVERT_OU_IDENTITE_AMBIGUE,0
RAQB.F,NON_COUVERT_OU_IDENTITE_AMBIGUE,0
QHI.F,NON_COUVERT_OU_IDENTITE_AMBIGUE,0
A8D.F,NON_COUVERT_OU_IDENTITE_AMBIGUE,0
H460.SG,NON_COUVERT_OU_IDENTITE_AMBIGUE,0
4K8.F,NON_COUVERT_OU_IDENTITE_AMBIGUE,0
KY3.F,NON_COUVERT_OU_IDENTITE_AMBIGUE,0
IKL.F,NON_COUVERT_OU_IDENTITE_AMBIGUE,0
5ILA.F,NON_COUVERT_OU_IDENTITE_AMBIGUE,0
NHM.F,NON_COUVERT_OU_IDENTITE_AMBIGUE,0
2OP.F,NON_COUVERT_OU_IDENTITE_AMBIGUE,0
DM7.F,NON_COUVERT_OU_IDENTITE_AMBIGUE,0
ZAY0.F,NON_COUVERT_OU_IDENTITE_AMBIGUE,0
PEH.F,NON_COUVERT_OU_IDENTITE_AMBIGUE,0
GLY0.F,NON_COUVERT_OU_IDENTITE_AMBIGUE,0
7UM0.F,NON_COUVERT_OU_IDENTITE_AMBIGUE,0
PBN0.F,NON_COUVERT_OU_IDENTITE_AMBIGUE,0
PBN0.SG,NON_COUVERT_OU_IDENTITE_AMBIGUE,0
TP21.F,NON_COUVERT_OU_IDENTITE_AMBIGUE,0
TJJ.F,NON_COUVERT_OU_IDENTITE_AMBIGUE,0
8YW.F,NON_COUVERT_OU_IDENTITE_AMBIGUE,0
2HU.F,NON_COUVERT_OU_IDENTITE_AMBIGUE,0
D3R.F,NON_COUVERT_OU_IDENTITE_AMBIGUE,0
EVY.F,NON_COUVERT_OU_IDENTITE_AMBIGUE,0
GPI1.F,NON_COUVERT_OU_IDENTITE_AMBIGUE,0
CCO.F,NON_COUVERT_OU_IDENTITE_AMBIGUE,0
MJT.F,NON_COUVERT_OU_IDENTITE_AMBIGUE,0
Z1N.F,NON_COUVERT_OU_IDENTITE_AMBIGUE,0
5AR1.F,NON_COUVERT_OU_IDENTITE_AMBIGUE,0
C4G0.F,NON_COUVERT_OU_IDENTITE_AMBIGUE,0
R9Q.F,NON_COUVERT_OU_IDENTITE_AMBIGUE,0
CF90.F,NON_COUVERT_OU_IDENTITE_AMBIGUE,0
4W1.F,NON_COUVERT_OU_IDENTITE_AMBIGUE,0
GC3.F,NON_COUVERT_OU_IDENTITE_AMBIGUE,0
APL.F,NON_COUVERT_OU_IDENTITE_AMBIGUE,0
KV7.F,NON_COUVERT_OU_IDENTITE_AMBIGUE,0
TS8A.F,NON_COUVERT_OU_IDENTITE_AMBIGUE,0
6FK.F,NON_COUVERT_OU_IDENTITE_AMBIGUE,0
G4D.F,NON_COUVERT_OU_IDENTITE_AMBIGUE,0
KG0A.F,NON_COUVERT_OU_IDENTITE_AMBIGUE,0
1G9.F,NON_COUVERT_OU_IDENTITE_AMBIGUE,0
GJY.F,NON_COUVERT_OU_IDENTITE_AMBIGUE,0
CSO.F,NON_COUVERT_OU_IDENTITE_AMBIGUE,0
L270.F,NON_COUVERT_OU_IDENTITE_AMBIGUE,0
2CY.F,NON_COUVERT_OU_IDENTITE_AMBIGUE,0
MNZ.F,NON_COUVERT_OU_IDENTITE_AMBIGUE,0
BY0.F,NON_COUVERT_OU_IDENTITE_AMBIGUE,0
9B5.F,NON_COUVERT_OU_IDENTITE_AMBIGUE,0
SRC.F,NON_COUVERT_OU_IDENTITE_AMBIGUE,0
KK2.F,NON_COUVERT_OU_IDENTITE_AMBIGUE,0
1MP.F,NON_COUVERT_OU_IDENTITE_AMBIGUE,0
43M.F,NON_COUVERT_OU_IDENTITE_AMBIGUE,0
WFU.F,NON_COUVERT_OU_IDENTITE_AMBIGUE,0
BG4.F,NON_COUVERT_OU_IDENTITE_AMBIGUE,0
WE3.F,NON_COUVERT_OU_IDENTITE_AMBIGUE,0
P0T.F,NON_COUVERT_OU_IDENTITE_AMBIGUE,0
XLS.F,NON_COUVERT_OU_IDENTITE_AMBIGUE,0
45P.F,NON_COUVERT_OU_IDENTITE_AMBIGUE,0
BBA.F,NON_COUVERT_OU_IDENTITE_AMBIGUE,0
EJ1C.F,NON_COUVERT_OU_IDENTITE_AMBIGUE,0
ABA.HM,NON_COUVERT_OU_IDENTITE_AMBIGUE,0
FHW.F,NON_COUVERT_OU_IDENTITE_AMBIGUE,0
FHW.SG,NON_COUVERT_OU_IDENTITE_AMBIGUE,0
67E0.F,NON_COUVERT_OU_IDENTITE_AMBIGUE,0
GUL.F,NON_COUVERT_OU_IDENTITE_AMBIGUE,0
AXD2.F,NON_COUVERT_OU_IDENTITE_AMBIGUE,0
PNC.F,NON_COUVERT_OU_IDENTITE_AMBIGUE,0
RZA.F,NON_COUVERT_OU_IDENTITE_AMBIGUE,0
L4Q.F,NON_COUVERT_OU_IDENTITE_AMBIGUE,0
6H4.F,NON_COUVERT_OU_IDENTITE_AMBIGUE,0
5DP.F,NON_COUVERT_OU_IDENTITE_AMBIGUE,0
O3Z.F,NON_COUVERT_OU_IDENTITE_AMBIGUE,0
1UM0.F,NON_COUVERT_OU_IDENTITE_AMBIGUE,0
R0L.F,NON_COUVERT_OU_IDENTITE_AMBIGUE,0
0AD.F,NON_COUVERT_OU_IDENTITE_AMBIGUE,0
G4A.F,NON_COUVERT_OU_IDENTITE_AMBIGUE,0
4CI0.F,NON_COUVERT_OU_IDENTITE_AMBIGUE,0
ZZF0.F,NON_COUVERT_OU_IDENTITE_AMBIGUE,0
8PR1.F,NON_COUVERT_OU_IDENTITE_AMBIGUE,0
C7W.F,NON_COUVERT_OU_IDENTITE_AMBIGUE,0
5DP.SG,NON_COUVERT_OU_IDENTITE_AMBIGUE,0
IRQ.SG,NON_COUVERT_OU_IDENTITE_AMBIGUE,0
FBC.SG,NON_COUVERT_OU_IDENTITE_AMBIGUE,0
Z5S.F,NON_COUVERT_OU_IDENTITE_AMBIGUE,0
NWR.F,NON_COUVERT_OU_IDENTITE_AMBIGUE,0
J0M.F,NON_COUVERT_OU_IDENTITE_AMBIGUE,0
6EU.F,NON_COUVERT_OU_IDENTITE_AMBIGUE,0
GI11.F,NON_COUVERT_OU_IDENTITE_AMBIGUE,0
PHRE.F,NON_COUVERT_OU_IDENTITE_AMBIGUE,0
1Y0.F,NON_COUVERT_OU_IDENTITE_AMBIGUE,0
A8Y1.F,NON_COUVERT_OU_IDENTITE_AMBIGUE,0
IFS.F,NON_COUVERT_OU_IDENTITE_AMBIGUE,0
IY3A.F,NON_COUVERT_OU_IDENTITE_AMBIGUE,0
6CW.F,NON_COUVERT_OU_IDENTITE_AMBIGUE,0
AJW.F,NON_COUVERT_OU_IDENTITE_AMBIGUE,0
6SJA.F,NON_COUVERT_OU_IDENTITE_AMBIGUE,0
TH1.F,NON_COUVERT_OU_IDENTITE_AMBIGUE,0
95A.F,NON_COUVERT_OU_IDENTITE_AMBIGUE,0
OH5.F,NON_COUVERT_OU_IDENTITE_AMBIGUE,0
5R6.F,NON_COUVERT_OU_IDENTITE_AMBIGUE,0
E9Q.F,NON_COUVERT_OU_IDENTITE_AMBIGUE,0
CUEH.F,NON_COUVERT_OU_IDENTITE_AMBIGUE,0
E0J.F,NON_COUVERT_OU_IDENTITE_AMBIGUE,0
PHT.F,NON_COUVERT_OU_IDENTITE_AMBIGUE,0
6QN.F,NON_COUVERT_OU_IDENTITE_AMBIGUE,0
3CV.F,NON_COUVERT_OU_IDENTITE_AMBIGUE,0
1JS.F,NON_COUVERT_OU_IDENTITE_AMBIGUE,0
ECK.HM,NON_COUVERT_OU_IDENTITE_AMBIGUE,0
61I.F,NON_COUVERT_OU_IDENTITE_AMBIGUE,0
2I3.F,NON_COUVERT_OU_IDENTITE_AMBIGUE,0
LXB.F,NON_COUVERT_OU_IDENTITE_AMBIGUE,0
2JY.F,NON_COUVERT_OU_IDENTITE_AMBIGUE,0
6AX.F,NON_COUVERT_OU_IDENTITE_AMBIGUE,0
OPQ.F,NON_COUVERT_OU_IDENTITE_AMBIGUE,0
WKU.F,NON_COUVERT_OU_IDENTITE_AMBIGUE,0
5IN.F,NON_COUVERT_OU_IDENTITE_AMBIGUE,0
75V.F,NON_COUVERT_OU_IDENTITE_AMBIGUE,0
91P.F,NON_COUVERT_OU_IDENTITE_AMBIGUE,0
315.F,NON_COUVERT_OU_IDENTITE_AMBIGUE,0
0HF.F,NON_COUVERT_OU_IDENTITE_AMBIGUE,0
IFG.F,NON_COUVERT_OU_IDENTITE_AMBIGUE,0
5H7.F,NON_COUVERT_OU_IDENTITE_AMBIGUE,0
A8F.F,NON_COUVERT_OU_IDENTITE_AMBIGUE,0
29U.F,NON_COUVERT_OU_IDENTITE_AMBIGUE,0
2HA.F,NON_COUVERT_OU_IDENTITE_AMBIGUE,0
AWQ.F,NON_COUVERT_OU_IDENTITE_AMBIGUE,0
TQB0.F,NON_COUVERT_OU_IDENTITE_AMBIGUE,0
2FW.F,NON_COUVERT_OU_IDENTITE_AMBIGUE,0
2FW.SG,NON_COUVERT_OU_IDENTITE_AMBIGUE,0
B5D1.F,NON_COUVERT_OU_IDENTITE_AMBIGUE,0
LK1.F,NON_COUVERT_OU_IDENTITE_AMBIGUE,0
Y0U.F,NON_COUVERT_OU_IDENTITE_AMBIGUE,0
92M.F,NON_COUVERT_OU_IDENTITE_AMBIGUE,0
0VC.F,NON_COUVERT_OU_IDENTITE_AMBIGUE,0
IE2A.F,NON_COUVERT_OU_IDENTITE_AMBIGUE,0
NYA1.SG,NON_COUVERT_OU_IDENTITE_AMBIGUE,0
LT50.F,NON_COUVERT_OU_IDENTITE_AMBIGUE,0
2F60.F,NON_COUVERT_OU_IDENTITE_AMBIGUE,0
U1R1.F,NON_COUVERT_OU_IDENTITE_AMBIGUE,0
P41.F,NON_COUVERT_OU_IDENTITE_AMBIGUE,0
0G93.F,NON_COUVERT_OU_IDENTITE_AMBIGUE,0
GUJB.F,NON_COUVERT_OU_IDENTITE_AMBIGUE,0
HUV.F,NON_COUVERT_OU_IDENTITE_AMBIGUE,0
X62.F,NON_COUVERT_OU_IDENTITE_AMBIGUE,0
FVA.F,NON_COUVERT_OU_IDENTITE_AMBIGUE,0
CY9D.F,NON_COUVERT_OU_IDENTITE_AMBIGUE,0
7XE.F,NON_COUVERT_OU_IDENTITE_AMBIGUE,0
7KW.F,NON_COUVERT_OU_IDENTITE_AMBIGUE,0
7L4.F,NON_COUVERT_OU_IDENTITE_AMBIGUE,0
K6Z.F,NON_COUVERT_OU_IDENTITE_AMBIGUE,0
RZC.MU,NON_COUVERT_OU_IDENTITE_AMBIGUE,0
CG4.F,NON_COUVERT_OU_IDENTITE_AMBIGUE,0
1NE0.F,NON_COUVERT_OU_IDENTITE_AMBIGUE,0
UE1.F,NON_COUVERT_OU_IDENTITE_AMBIGUE,0
C480.F,NON_COUVERT_OU_IDENTITE_AMBIGUE,0
7W5.F,NON_COUVERT_OU_IDENTITE_AMBIGUE,0
PJJ1.F,NON_COUVERT_OU_IDENTITE_AMBIGUE,0
92M.SG,NON_COUVERT_OU_IDENTITE_AMBIGUE,0
SFK.SG,NON_COUVERT_OU_IDENTITE_AMBIGUE,0
ISC1.F,NON_COUVERT_OU_IDENTITE_AMBIGUE,0
L2T1.F,NON_COUVERT_OU_IDENTITE_AMBIGUE,0
6CE.SG,NON_COUVERT_OU_IDENTITE_AMBIGUE,0
SFK.F,NON_COUVERT_OU_IDENTITE_AMBIGUE,0
UK3.F,NON_COUVERT_OU_IDENTITE_AMBIGUE,0
2DI.F,NON_COUVERT_OU_IDENTITE_AMBIGUE,0
RGI0.F,NON_COUVERT_OU_IDENTITE_AMBIGUE,0
3DS.F,NON_COUVERT_OU_IDENTITE_AMBIGUE,0
J9M.F,NON_COUVERT_OU_IDENTITE_AMBIGUE,0
2P4.F,NON_COUVERT_OU_IDENTITE_AMBIGUE,0
XC1.F,NON_COUVERT_OU_IDENTITE_AMBIGUE,0
RN5.F,NON_COUVERT_OU_IDENTITE_AMBIGUE,0
60Z.F,NON_COUVERT_OU_IDENTITE_AMBIGUE,0
7SS.F,NON_COUVERT_OU_IDENTITE_AMBIGUE,0
TS6.F,NON_COUVERT_OU_IDENTITE_AMBIGUE,0
0QZ.F,NON_COUVERT_OU_IDENTITE_AMBIGUE,0
J4O.F,NON_COUVERT_OU_IDENTITE_AMBIGUE,0
RFM0.F,NON_COUVERT_OU_IDENTITE_AMBIGUE,0
ZMX1.F,NON_COUVERT_OU_IDENTITE_AMBIGUE,0
NS9B.F,NON_COUVERT_OU_IDENTITE_AMBIGUE,0
8UK.F,NON_COUVERT_OU_IDENTITE_AMBIGUE,0
6RC.F,NON_COUVERT_OU_IDENTITE_AMBIGUE,0
0FG.F,NON_COUVERT_OU_IDENTITE_AMBIGUE,0
G7PA.F,NON_COUVERT_OU_IDENTITE_AMBIGUE,0
B1O.F,NON_COUVERT_OU_IDENTITE_AMBIGUE,0
4VZ.F,NON_COUVERT_OU_IDENTITE_AMBIGUE,0
4NI.F,NON_COUVERT_OU_IDENTITE_AMBIGUE,0
AGE.F,NON_COUVERT_OU_IDENTITE_AMBIGUE,0
5NX.F,NON_COUVERT_OU_IDENTITE_AMBIGUE,0
BJG.F,NON_COUVERT_OU_IDENTITE_AMBIGUE,0
609.F,NON_COUVERT_OU_IDENTITE_AMBIGUE,0
71W.F,NON_COUVERT_OU_IDENTITE_AMBIGUE,0
WAB0.F,NON_COUVERT_OU_IDENTITE_AMBIGUE,0
M26.F,NON_COUVERT_OU_IDENTITE_AMBIGUE,0
HIH.SG,NON_COUVERT_OU_IDENTITE_AMBIGUE,0
4YYA.F,NON_COUVERT_OU_IDENTITE_AMBIGUE,0
DX4.F,NON_COUVERT_OU_IDENTITE_AMBIGUE,0
609.SG,NON_COUVERT_OU_IDENTITE_AMBIGUE,0
RFM0.SG,NON_COUVERT_OU_IDENTITE_AMBIGUE,0
YKK.F,NON_COUVERT_OU_IDENTITE_AMBIGUE,0
HCY.F,NON_COUVERT_OU_IDENTITE_AMBIGUE,0
PSX.F,NON_COUVERT_OU_IDENTITE_AMBIGUE,0
T4M.F,NON_COUVERT_OU_IDENTITE_AMBIGUE,0
UE22.F,NON_COUVERT_OU_IDENTITE_AMBIGUE,0
SG9.F,NON_COUVERT_OU_IDENTITE_AMBIGUE,0
J9B.SG,NON_COUVERT_OU_IDENTITE_AMBIGUE,0
7YR.F,NON_COUVERT_OU_IDENTITE_AMBIGUE,0
FOU1.F,NON_COUVERT_OU_IDENTITE_AMBIGUE,0
7EJ.F,NON_COUVERT_OU_IDENTITE_AMBIGUE,0
4YL.F,NON_COUVERT_OU_IDENTITE_AMBIGUE,0
O7U.F,NON_COUVERT_OU_IDENTITE_AMBIGUE,0
S83.F,NON_COUVERT_OU_IDENTITE_AMBIGUE,0
V7A0.F,NON_COUVERT_OU_IDENTITE_AMBIGUE,0
WTT0.F,NON_COUVERT_OU_IDENTITE_AMBIGUE,0
NYA1.F,NON_COUVERT_OU_IDENTITE_AMBIGUE,0
G5O.F,NON_COUVERT_OU_IDENTITE_AMBIGUE,0
77P.F,NON_COUVERT_OU_IDENTITE_AMBIGUE,0
TSS.F,NON_COUVERT_OU_IDENTITE_AMBIGUE,0
DCV.F,NON_COUVERT_OU_IDENTITE_AMBIGUE,0
YAJ1.F,NON_COUVERT_OU_IDENTITE_AMBIGUE,0
MB01.F,NON_COUVERT_OU_IDENTITE_AMBIGUE,0
VEK.F,NON_COUVERT_OU_IDENTITE_AMBIGUE,0
6MR1.F,NON_COUVERT_OU_IDENTITE_AMBIGUE,0
0CG.F,NON_COUVERT_OU_IDENTITE_AMBIGUE,0
1BN.F,NON_COUVERT_OU_IDENTITE_AMBIGUE,0
7ZL.F,NON_COUVERT_OU_IDENTITE_AMBIGUE,0
H8A.F,NON_COUVERT_OU_IDENTITE_AMBIGUE,0
0C9.F,NON_COUVERT_OU_IDENTITE_AMBIGUE,0
RVS1.F,NON_COUVERT_OU_IDENTITE_AMBIGUE,0
89K0.F,NON_COUVERT_OU_IDENTITE_AMBIGUE,0
HAEK.HM,NON_COUVERT_OU_IDENTITE_AMBIGUE,0
FOV.F,NON_COUVERT_OU_IDENTITE_AMBIGUE,0
D2L.F,NON_COUVERT_OU_IDENTITE_AMBIGUE,0
9WV.F,NON_COUVERT_OU_IDENTITE_AMBIGUE,0
JI5.F,NON_COUVERT_OU_IDENTITE_AMBIGUE,0
QJ1.F,NON_COUVERT_OU_IDENTITE_AMBIGUE,0
U92.F,NON_COUVERT_OU_IDENTITE_AMBIGUE,0
7D0.F,NON_COUVERT_OU_IDENTITE_AMBIGUE,0
CX40.F,NON_COUVERT_OU_IDENTITE_AMBIGUE,0
SST.F,NON_COUVERT_OU_IDENTITE_AMBIGUE,0
SST.SG,NON_COUVERT_OU_IDENTITE_AMBIGUE,0
BQ3.F,NON_COUVERT_OU_IDENTITE_AMBIGUE,0
MS4A.F,NON_COUVERT_OU_IDENTITE_AMBIGUE,0
HSUB.F,NON_COUVERT_OU_IDENTITE_AMBIGUE,0
1TH0.F,NON_COUVERT_OU_IDENTITE_AMBIGUE,0
7EK.F,NON_COUVERT_OU_IDENTITE_AMBIGUE,0
FM2.F,NON_COUVERT_OU_IDENTITE_AMBIGUE,0
FMK.F,NON_COUVERT_OU_IDENTITE_AMBIGUE,0
45I.F,NON_COUVERT_OU_IDENTITE_AMBIGUE,0
W1T.F,NON_COUVERT_OU_IDENTITE_AMBIGUE,0
1S0.F,NON_COUVERT_OU_IDENTITE_AMBIGUE,0
2T1.F,NON_COUVERT_OU_IDENTITE_AMBIGUE,0
CKW.F,NON_COUVERT_OU_IDENTITE_AMBIGUE,0
CAJ1.F,NON_COUVERT_OU_IDENTITE_AMBIGUE,0
7BL.F,NON_COUVERT_OU_IDENTITE_AMBIGUE,0
UNE.F,NON_COUVERT_OU_IDENTITE_AMBIGUE,0
ON0.F,NON_COUVERT_OU_IDENTITE_AMBIGUE,0
014.F,NON_COUVERT_OU_IDENTITE_AMBIGUE,0
014.SG,NON_COUVERT_OU_IDENTITE_AMBIGUE,0
LB8.F,NON_COUVERT_OU_IDENTITE_AMBIGUE,0
BUU.F,NON_COUVERT_OU_IDENTITE_AMBIGUE,0
99C.F,NON_COUVERT_OU_IDENTITE_AMBIGUE,0
GLH.F,NON_COUVERT_OU_IDENTITE_AMBIGUE,0
LWA.F,NON_COUVERT_OU_IDENTITE_AMBIGUE,0
RHGN.F,NON_COUVERT_OU_IDENTITE_AMBIGUE,0
940.F,NON_COUVERT_OU_IDENTITE_AMBIGUE,0
H57.F,NON_COUVERT_OU_IDENTITE_AMBIGUE,0
NO30.F,NON_COUVERT_OU_IDENTITE_AMBIGUE,0
SO0.F,NON_COUVERT_OU_IDENTITE_AMBIGUE,0
14B0.F,NON_COUVERT_OU_IDENTITE_AMBIGUE,0
2620.F,NON_COUVERT_OU_IDENTITE_AMBIGUE,0
EMD.F,NON_COUVERT_OU_IDENTITE_AMBIGUE,0
JX0.SG,NON_COUVERT_OU_IDENTITE_AMBIGUE,0
F7Y.F,NON_COUVERT_OU_IDENTITE_AMBIGUE,0
KJ7A.F,NON_COUVERT_OU_IDENTITE_AMBIGUE,0
YOE.MU,NON_COUVERT_OU_IDENTITE_AMBIGUE,0
T810.F,NON_COUVERT_OU_IDENTITE_AMBIGUE,0
VOP.F,NON_COUVERT_OU_IDENTITE_AMBIGUE,0
1L0.F,NON_COUVERT_OU_IDENTITE_AMBIGUE,0
6FZ0.SG,NON_COUVERT_OU_IDENTITE_AMBIGUE,0
L5B.F,NON_COUVERT_OU_IDENTITE_AMBIGUE,0
19YA.F,NON_COUVERT_OU_IDENTITE_AMBIGUE,0
GAD.F,NON_COUVERT_OU_IDENTITE_AMBIGUE,0
Z8J.SG,NON_COUVERT_OU_IDENTITE_AMBIGUE,0
1CA0.F,NON_COUVERT_OU_IDENTITE_AMBIGUE,0
0PI.F,NON_COUVERT_OU_IDENTITE_AMBIGUE,0
VP4.F,NON_COUVERT_OU_IDENTITE_AMBIGUE,0
TD8.SG,NON_COUVERT_OU_IDENTITE_AMBIGUE,0
SEF0.F,NON_COUVERT_OU_IDENTITE_AMBIGUE,0
9VP.SG,NON_COUVERT_OU_IDENTITE_AMBIGUE,0
PW5.F,NON_COUVERT_OU_IDENTITE_AMBIGUE,0
RAP.F,NON_COUVERT_OU_IDENTITE_AMBIGUE,0
Z8J.F,NON_COUVERT_OU_IDENTITE_AMBIGUE,0
STC.F,NON_COUVERT_OU_IDENTITE_AMBIGUE,0
G1MN.F,NON_COUVERT_OU_IDENTITE_AMBIGUE,0
CKS2.F,NON_COUVERT_OU_IDENTITE_AMBIGUE,0
CKS2.SG,NON_COUVERT_OU_IDENTITE_AMBIGUE,0
3WX.F,NON_COUVERT_OU_IDENTITE_AMBIGUE,0
HCE.F,NON_COUVERT_OU_IDENTITE_AMBIGUE,0
TF8.F,NON_COUVERT_OU_IDENTITE_AMBIGUE,0
MTB0.F,NON_COUVERT_OU_IDENTITE_AMBIGUE,0
IJM.SG,NON_COUVERT_OU_IDENTITE_AMBIGUE,0
S1Q.F,NON_COUVERT_OU_IDENTITE_AMBIGUE,0
W1M.F,NON_COUVERT_OU_IDENTITE_AMBIGUE,0
XE7C.F,NON_COUVERT_OU_IDENTITE_AMBIGUE,0
5HN.F,NON_COUVERT_OU_IDENTITE_AMBIGUE,0
3GX.F,NON_COUVERT_OU_IDENTITE_AMBIGUE,0
EQ4.F,NON_COUVERT_OU_IDENTITE_AMBIGUE,0
Y7I.F,NON_COUVERT_OU_IDENTITE_AMBIGUE,0
X5X.F,NON_COUVERT_OU_IDENTITE_AMBIGUE,0
7GD.F,NON_COUVERT_OU_IDENTITE_AMBIGUE,0
F7K.F,NON_COUVERT_OU_IDENTITE_AMBIGUE,0
3IYA.F,NON_COUVERT_OU_IDENTITE_AMBIGUE,0
43Y.F,NON_COUVERT_OU_IDENTITE_AMBIGUE,0
0DY.F,NON_COUVERT_OU_IDENTITE_AMBIGUE,0
2T8.F,NON_COUVERT_OU_IDENTITE_AMBIGUE,0
04T.F,NON_COUVERT_OU_IDENTITE_AMBIGUE,0
51L.F,NON_COUVERT_OU_IDENTITE_AMBIGUE,0
QE1.F,NON_COUVERT_OU_IDENTITE_AMBIGUE,0
6JC.F,NON_COUVERT_OU_IDENTITE_AMBIGUE,0
Q29.F,NON_COUVERT_OU_IDENTITE_AMBIGUE,0
ZE6.F,NON_COUVERT_OU_IDENTITE_AMBIGUE,0
4G8.F,NON_COUVERT_OU_IDENTITE_AMBIGUE,0
O29.F,NON_COUVERT_OU_IDENTITE_AMBIGUE,0
E5T.F,NON_COUVERT_OU_IDENTITE_AMBIGUE,0
NF00.F,NON_COUVERT_OU_IDENTITE_AMBIGUE,0
L1PA.F,NON_COUVERT_OU_IDENTITE_AMBIGUE,0
TJI.F,NON_COUVERT_OU_IDENTITE_AMBIGUE,0
CQH3.F,NON_COUVERT_OU_IDENTITE_AMBIGUE,0
X0T.F,NON_COUVERT_OU_IDENTITE_AMBIGUE,0
4QU.F,NON_COUVERT_OU_IDENTITE_AMBIGUE,0
T57.F,NON_COUVERT_OU_IDENTITE_AMBIGUE,0
929.F,NON_COUVERT_OU_IDENTITE_AMBIGUE,0
HA5.F,NON_COUVERT_OU_IDENTITE_AMBIGUE,0
6WU.F,NON_COUVERT_OU_IDENTITE_AMBIGUE,0
OFZ.F,NON_COUVERT_OU_IDENTITE_AMBIGUE,0
SAT.F,NON_COUVERT_OU_IDENTITE_AMBIGUE,0
R8C.F,NON_COUVERT_OU_IDENTITE_AMBIGUE,0
33Z.F,NON_COUVERT_OU_IDENTITE_AMBIGUE,0
XE1.F,NON_COUVERT_OU_IDENTITE_AMBIGUE,0
74D.F,NON_COUVERT_OU_IDENTITE_AMBIGUE,0
OXQ1.F,NON_COUVERT_OU_IDENTITE_AMBIGUE,0
51M.F,NON_COUVERT_OU_IDENTITE_AMBIGUE,0
S4O0.F,NON_COUVERT_OU_IDENTITE_AMBIGUE,0
5S0A.F,NON_COUVERT_OU_IDENTITE_AMBIGUE,0
MK60.F,NON_COUVERT_OU_IDENTITE_AMBIGUE,0
MPO.F,NON_COUVERT_OU_IDENTITE_AMBIGUE,0
4WK.F,NON_COUVERT_OU_IDENTITE_AMBIGUE,0
TGX.F,NON_COUVERT_OU_IDENTITE_AMBIGUE,0
AGRA.F,NON_COUVERT_OU_IDENTITE_AMBIGUE,0
A4P.F,NON_COUVERT_OU_IDENTITE_AMBIGUE,0
1FT.F,NON_COUVERT_OU_IDENTITE_AMBIGUE,0
Q0Z.F,NON_COUVERT_OU_IDENTITE_AMBIGUE,0
GRR.F,NON_COUVERT_OU_IDENTITE_AMBIGUE,0
8BCN.SG,NON_COUVERT_OU_IDENTITE_AMBIGUE,0
O6Q0.F,NON_COUVERT_OU_IDENTITE_AMBIGUE,0
S1P.F,NON_COUVERT_OU_IDENTITE_AMBIGUE,0
IUL.F,NON_COUVERT_OU_IDENTITE_AMBIGUE,0
7TQ0.F,NON_COUVERT_OU_IDENTITE_AMBIGUE,0
74C.F,NON_COUVERT_OU_IDENTITE_AMBIGUE,0
KBP0.F,NON_COUVERT_OU_IDENTITE_AMBIGUE,0
R0C.F,NON_COUVERT_OU_IDENTITE_AMBIGUE,0
QO80.F,NON_COUVERT_OU_IDENTITE_AMBIGUE,0
HBS.F,NON_COUVERT_OU_IDENTITE_AMBIGUE,0
9LG0.F,NON_COUVERT_OU_IDENTITE_AMBIGUE,0
PNF.F,NON_COUVERT_OU_IDENTITE_AMBIGUE,0
276.F,NON_COUVERT_OU_IDENTITE_AMBIGUE,0
4AS.F,NON_COUVERT_OU_IDENTITE_AMBIGUE,0
7DK.F,NON_COUVERT_OU_IDENTITE_AMBIGUE,0
0PL.F,NON_COUVERT_OU_IDENTITE_AMBIGUE,0
UQ6.SG,NON_COUVERT_OU_IDENTITE_AMBIGUE,0
A2R.F,NON_COUVERT_OU_IDENTITE_AMBIGUE,0
213.F,NON_COUVERT_OU_IDENTITE_AMBIGUE,0
C2I0.F,NON_COUVERT_OU_IDENTITE_AMBIGUE,0
95H.F,NON_COUVERT_OU_IDENTITE_AMBIGUE,0
9Q9.F,NON_COUVERT_OU_IDENTITE_AMBIGUE,0
AJN.F,NON_COUVERT_OU_IDENTITE_AMBIGUE,0
0AP.F,NON_COUVERT_OU_IDENTITE_AMBIGUE,0
9OI.F,NON_COUVERT_OU_IDENTITE_AMBIGUE,0
1VF0.F,NON_COUVERT_OU_IDENTITE_AMBIGUE,0
5UH.F,NON_COUVERT_OU_IDENTITE_AMBIGUE,0
AW4.F,NON_COUVERT_OU_IDENTITE_AMBIGUE,0
08IA.F,NON_COUVERT_OU_IDENTITE_AMBIGUE,0
KEW.SG,NON_COUVERT_OU_IDENTITE_AMBIGUE,0
HKC.F,NON_COUVERT_OU_IDENTITE_AMBIGUE,0
P1M.F,NON_COUVERT_OU_IDENTITE_AMBIGUE,0
53G.F,NON_COUVERT_OU_IDENTITE_AMBIGUE,0
RF5.F,NON_COUVERT_OU_IDENTITE_AMBIGUE,0
KEC.F,NON_COUVERT_OU_IDENTITE_AMBIGUE,0
F1B.F,NON_COUVERT_OU_IDENTITE_AMBIGUE,0
K7A.F,NON_COUVERT_OU_IDENTITE_AMBIGUE,0
A8P.F,NON_COUVERT_OU_IDENTITE_AMBIGUE,0
A02.F,NON_COUVERT_OU_IDENTITE_AMBIGUE,0
S2N.F,NON_COUVERT_OU_IDENTITE_AMBIGUE,0
ST9.F,NON_COUVERT_OU_IDENTITE_AMBIGUE,0
1H7.F,NON_COUVERT_OU_IDENTITE_AMBIGUE,0
MD0.F,NON_COUVERT_OU_IDENTITE_AMBIGUE,0
3FS.F,NON_COUVERT_OU_IDENTITE_AMBIGUE,0
4C30.F,NON_COUVERT_OU_IDENTITE_AMBIGUE,0
UH40.F,NON_COUVERT_OU_IDENTITE_AMBIGUE,0
19C.F,NON_COUVERT_OU_IDENTITE_AMBIGUE,0
G5HA.F,NON_COUVERT_OU_IDENTITE_AMBIGUE,0
6Q1.F,NON_COUVERT_OU_IDENTITE_AMBIGUE,0
8VJ.F,NON_COUVERT_OU_IDENTITE_AMBIGUE,0
1Q2.F,NON_COUVERT_OU_IDENTITE_AMBIGUE,0
8PF.F,NON_COUVERT_OU_IDENTITE_AMBIGUE,0
5K9.F,NON_COUVERT_OU_IDENTITE_AMBIGUE,0
AT20.F,NON_COUVERT_OU_IDENTITE_AMBIGUE,0
9IRA.F,NON_COUVERT_OU_IDENTITE_AMBIGUE,0
KEW.F,NON_COUVERT_OU_IDENTITE_AMBIGUE,0
86C.F,NON_COUVERT_OU_IDENTITE_AMBIGUE,0
H2Y.F,NON_COUVERT_OU_IDENTITE_AMBIGUE,0
PST0.F,NON_COUVERT_OU_IDENTITE_AMBIGUE,0
2W9.F,NON_COUVERT_OU_IDENTITE_AMBIGUE,0
JX0.F,NON_COUVERT_OU_IDENTITE_AMBIGUE,0
L4B0.F,NON_COUVERT_OU_IDENTITE_AMBIGUE,0
I0P0.F,NON_COUVERT_OU_IDENTITE_AMBIGUE,0
TQZA.F,NON_COUVERT_OU_IDENTITE_AMBIGUE,0
1U6.F,NON_COUVERT_OU_IDENTITE_AMBIGUE,0
FDU.F,NON_COUVERT_OU_IDENTITE_AMBIGUE,0
3EO.F,NON_COUVERT_OU_IDENTITE_AMBIGUE,0
0FZ.F,NON_COUVERT_OU_IDENTITE_AMBIGUE,0
E40.F,NON_COUVERT_OU_IDENTITE_AMBIGUE,0
RAUA.F,NON_COUVERT_OU_IDENTITE_AMBIGUE,0
6H1.F,NON_COUVERT_OU_IDENTITE_AMBIGUE,0
1H3.MU,NON_COUVERT_OU_IDENTITE_AMBIGUE,0
SMI.F,NON_COUVERT_OU_IDENTITE_AMBIGUE,0
59N.F,NON_COUVERT_OU_IDENTITE_AMBIGUE,0
BJDH.F,NON_COUVERT_OU_IDENTITE_AMBIGUE,0
MF1.F,NON_COUVERT_OU_IDENTITE_AMBIGUE,0
5YO.F,NON_COUVERT_OU_IDENTITE_AMBIGUE,0
3C1.F,NON_COUVERT_OU_IDENTITE_AMBIGUE,0
2Y5.F,NON_COUVERT_OU_IDENTITE_AMBIGUE,0
3SD.F,NON_COUVERT_OU_IDENTITE_AMBIGUE,0
RU8.F,NON_COUVERT_OU_IDENTITE_AMBIGUE,0
OSP2.HM,NON_COUVERT_OU_IDENTITE_AMBIGUE,0
N09.F,NON_COUVERT_OU_IDENTITE_AMBIGUE,0
QAT2.F,NON_COUVERT_OU_IDENTITE_AMBIGUE,0
80Y.F,NON_COUVERT_OU_IDENTITE_AMBIGUE,0
H9G.F,NON_COUVERT_OU_IDENTITE_AMBIGUE,0
UH9.F,NON_COUVERT_OU_IDENTITE_AMBIGUE,0
FZ70.F,NON_COUVERT_OU_IDENTITE_AMBIGUE,0
NYY.F,NON_COUVERT_OU_IDENTITE_AMBIGUE,0
SJY.F,NON_COUVERT_OU_IDENTITE_AMBIGUE,0
JMD.F,NON_COUVERT_OU_IDENTITE_AMBIGUE,0
4U8.F,NON_COUVERT_OU_IDENTITE_AMBIGUE,0
2U0.F,NON_COUVERT_OU_IDENTITE_AMBIGUE,0
RT70.F,NON_COUVERT_OU_IDENTITE_AMBIGUE,0
Y2O.F,NON_COUVERT_OU_IDENTITE_AMBIGUE,0
M36.F,NON_COUVERT_OU_IDENTITE_AMBIGUE,0
H0U.F,NON_COUVERT_OU_IDENTITE_AMBIGUE,0
42V.F,NON_COUVERT_OU_IDENTITE_AMBIGUE,0
51J.F,NON_COUVERT_OU_IDENTITE_AMBIGUE,0
RNE1.F,NON_COUVERT_OU_IDENTITE_AMBIGUE,0
CAG0.HM,NON_COUVERT_OU_IDENTITE_AMBIGUE,0
2I6.F,NON_COUVERT_OU_IDENTITE_AMBIGUE,0
TBCN.F,NON_COUVERT_OU_IDENTITE_AMBIGUE,0
K6V0.F,NON_COUVERT_OU_IDENTITE_AMBIGUE,0
LYD.F,NON_COUVERT_OU_IDENTITE_AMBIGUE,0
D08.F,NON_COUVERT_OU_IDENTITE_AMBIGUE,0
PN21.F,NON_COUVERT_OU_IDENTITE_AMBIGUE,0
YC0.F,NON_COUVERT_OU_IDENTITE_AMBIGUE,0
2CS.F,NON_COUVERT_OU_IDENTITE_AMBIGUE,0
P731.F,NON_COUVERT_OU_IDENTITE_AMBIGUE,0
H7C.F,NON_COUVERT_OU_IDENTITE_AMBIGUE,0
9P60.F,NON_COUVERT_OU_IDENTITE_AMBIGUE,0
8KS.F,NON_COUVERT_OU_IDENTITE_AMBIGUE,0
Q51.F,NON_COUVERT_OU_IDENTITE_AMBIGUE,0
B4V.F,NON_COUVERT_OU_IDENTITE_AMBIGUE,0
DJX.F,NON_COUVERT_OU_IDENTITE_AMBIGUE,0
TUQ1.F,NON_COUVERT_OU_IDENTITE_AMBIGUE,0
KI9A.F,NON_COUVERT_OU_IDENTITE_AMBIGUE,0
LFX.F,NON_COUVERT_OU_IDENTITE_AMBIGUE,0
9V0.F,NON_COUVERT_OU_IDENTITE_AMBIGUE,0
88A.F,NON_COUVERT_OU_IDENTITE_AMBIGUE,0
VAD.F,NON_COUVERT_OU_IDENTITE_AMBIGUE,0
17V.F,NON_COUVERT_OU_IDENTITE_AMBIGUE,0
AD5.F,NON_COUVERT_OU_IDENTITE_AMBIGUE,0
BOV.F,NON_COUVERT_OU_IDENTITE_AMBIGUE,0
9K0.F,NON_COUVERT_OU_IDENTITE_AMBIGUE,0
GHH.F,NON_COUVERT_OU_IDENTITE_AMBIGUE,0
90N.F,NON_COUVERT_OU_IDENTITE_AMBIGUE,0
5GO.F,NON_COUVERT_OU_IDENTITE_AMBIGUE,0
3S7.F,NON_COUVERT_OU_IDENTITE_AMBIGUE,0
LYG.F,NON_COUVERT_OU_IDENTITE_AMBIGUE,0
918.F,NON_COUVERT_OU_IDENTITE_AMBIGUE,0
NO9.MU,NON_COUVERT_OU_IDENTITE_AMBIGUE,0
HD8.F,NON_COUVERT_OU_IDENTITE_AMBIGUE,0
6YD0.F,NON_COUVERT_OU_IDENTITE_AMBIGUE,0
42U.F,NON_COUVERT_OU_IDENTITE_AMBIGUE,0
C7UA.F,NON_COUVERT_OU_IDENTITE_AMBIGUE,0
ULB.F,NON_COUVERT_OU_IDENTITE_AMBIGUE,0
BPA0.F,NON_COUVERT_OU_IDENTITE_AMBIGUE,0
LLI.F,NON_COUVERT_OU_IDENTITE_AMBIGUE,0
96M.F,NON_COUVERT_OU_IDENTITE_AMBIGUE,0
2MK.F,NON_COUVERT_OU_IDENTITE_AMBIGUE,0
MYE0.F,NON_COUVERT_OU_IDENTITE_AMBIGUE,0
0KP.F,NON_COUVERT_OU_IDENTITE_AMBIGUE,0
TJ9.F,NON_COUVERT_OU_IDENTITE_AMBIGUE,0
0JL.SG,NON_COUVERT_OU_IDENTITE_AMBIGUE,0
S9S.F,NON_COUVERT_OU_IDENTITE_AMBIGUE,0
1LFA.F,NON_COUVERT_OU_IDENTITE_AMBIGUE,0
7OC0.F,NON_COUVERT_OU_IDENTITE_AMBIGUE,0
YMI.F,NON_COUVERT_OU_IDENTITE_AMBIGUE,0
D13.F,NON_COUVERT_OU_IDENTITE_AMBIGUE,0
6UH.F,NON_COUVERT_OU_IDENTITE_AMBIGUE,0
21V.F,NON_COUVERT_OU_IDENTITE_AMBIGUE,0
918.SG,NON_COUVERT_OU_IDENTITE_AMBIGUE,0
26U.F,NON_COUVERT_OU_IDENTITE_AMBIGUE,0
4HB.F,NON_COUVERT_OU_IDENTITE_AMBIGUE,0
7FA0.F,NON_COUVERT_OU_IDENTITE_AMBIGUE,0
6W8.F,NON_COUVERT_OU_IDENTITE_AMBIGUE,0
I8O.F,NON_COUVERT_OU_IDENTITE_AMBIGUE,0
RJR1.F,NON_COUVERT_OU_IDENTITE_AMBIGUE,0
CW70.F,NON_COUVERT_OU_IDENTITE_AMBIGUE,0
4RO.F,NON_COUVERT_OU_IDENTITE_AMBIGUE,0
73Z.F,NON_COUVERT_OU_IDENTITE_AMBIGUE,0
4W3.F,NON_COUVERT_OU_IDENTITE_AMBIGUE,0
VK2.SG,NON_COUVERT_OU_IDENTITE_AMBIGUE,0
MKU0.F,NON_COUVERT_OU_IDENTITE_AMBIGUE,0
VON.F,NON_COUVERT_OU_IDENTITE_AMBIGUE,0
67N0.F,NON_COUVERT_OU_IDENTITE_AMBIGUE,0
KUD.F,NON_COUVERT_OU_IDENTITE_AMBIGUE,0
M3K0.F,NON_COUVERT_OU_IDENTITE_AMBIGUE,0
RBW.F,NON_COUVERT_OU_IDENTITE_AMBIGUE,0
O8V.F,NON_COUVERT_OU_IDENTITE_AMBIGUE,0
PUD.F,NON_COUVERT_OU_IDENTITE_AMBIGUE,0
51B.F,NON_COUVERT_OU_IDENTITE_AMBIGUE,0
NWF0.F,NON_COUVERT_OU_IDENTITE_AMBIGUE,0
5A40.F,NON_COUVERT_OU_IDENTITE_AMBIGUE,0
AX1.F,NON_COUVERT_OU_IDENTITE_AMBIGUE,0
88J.F,NON_COUVERT_OU_IDENTITE_AMBIGUE,0
6WT.F,NON_COUVERT_OU_IDENTITE_AMBIGUE,0
KUL.MU,NON_COUVERT_OU_IDENTITE_AMBIGUE,0
RTE.F,NON_COUVERT_OU_IDENTITE_AMBIGUE,0
PAJA.F,NON_COUVERT_OU_IDENTITE_AMBIGUE,0
SCP.F,NON_COUVERT_OU_IDENTITE_AMBIGUE,0
36A.F,NON_COUVERT_OU_IDENTITE_AMBIGUE,0
6TI.SG,NON_COUVERT_OU_IDENTITE_AMBIGUE,0
4ER.F,NON_COUVERT_OU_IDENTITE_AMBIGUE,0
6DT.F,NON_COUVERT_OU_IDENTITE_AMBIGUE,0
WZ2.F,NON_COUVERT_OU_IDENTITE_AMBIGUE,0
6YH.F,NON_COUVERT_OU_IDENTITE_AMBIGUE,0
5VT0.F,NON_COUVERT_OU_IDENTITE_AMBIGUE,0
T28.F,NON_COUVERT_OU_IDENTITE_AMBIGUE,0
6LY.F,NON_COUVERT_OU_IDENTITE_AMBIGUE,0
DF5B.F,NON_COUVERT_OU_IDENTITE_AMBIGUE,0
NVAI.F,NON_COUVERT_OU_IDENTITE_AMBIGUE,0
9WR.F,NON_COUVERT_OU_IDENTITE_AMBIGUE,0
49Q.DU,NON_COUVERT_OU_IDENTITE_AMBIGUE,0
CJB.F,NON_COUVERT_OU_IDENTITE_AMBIGUE,0
1KC.F,NON_COUVERT_OU_IDENTITE_AMBIGUE,0
4CN.F,NON_COUVERT_OU_IDENTITE_AMBIGUE,0
K7N.F,NON_COUVERT_OU_IDENTITE_AMBIGUE,0
26Q.F,NON_COUVERT_OU_IDENTITE_AMBIGUE,0
8MN.F,NON_COUVERT_OU_IDENTITE_AMBIGUE,0
HRT.F,NON_COUVERT_OU_IDENTITE_AMBIGUE,0
LQG.F,NON_COUVERT_OU_IDENTITE_AMBIGUE,0
9RT.F,NON_COUVERT_OU_IDENTITE_AMBIGUE,0
O5U.F,NON_COUVERT_OU_IDENTITE_AMBIGUE,0
SJ60.F,NON_COUVERT_OU_IDENTITE_AMBIGUE,0
XXH.F,NON_COUVERT_OU_IDENTITE_AMBIGUE,0
GJ60.F,NON_COUVERT_OU_IDENTITE_AMBIGUE,0
PAJA.SG,NON_COUVERT_OU_IDENTITE_AMBIGUE,0
6W7.F,NON_COUVERT_OU_IDENTITE_AMBIGUE,0
C7B.F,NON_COUVERT_OU_IDENTITE_AMBIGUE,0
52U.F,NON_COUVERT_OU_IDENTITE_AMBIGUE,0
8CN.F,NON_COUVERT_OU_IDENTITE_AMBIGUE,0
PC9.F,NON_COUVERT_OU_IDENTITE_AMBIGUE,0
B94.F,NON_COUVERT_OU_IDENTITE_AMBIGUE,0
GGI1.F,NON_COUVERT_OU_IDENTITE_AMBIGUE,0
DM5.F,NON_COUVERT_OU_IDENTITE_AMBIGUE,0
W6O.F,NON_COUVERT_OU_IDENTITE_AMBIGUE,0
LZO1.F,NON_COUVERT_OU_IDENTITE_AMBIGUE,0
3XU.F,NON_COUVERT_OU_IDENTITE_AMBIGUE,0
B40.F,NON_COUVERT_OU_IDENTITE_AMBIGUE,0
09B.F,NON_COUVERT_OU_IDENTITE_AMBIGUE,0
OUY.F,NON_COUVERT_OU_IDENTITE_AMBIGUE,0
DR7.F,NON_COUVERT_OU_IDENTITE_AMBIGUE,0
8YN.F,NON_COUVERT_OU_IDENTITE_AMBIGUE,0
4T2.F,NON_COUVERT_OU_IDENTITE_AMBIGUE,0
5NN.F,NON_COUVERT_OU_IDENTITE_AMBIGUE,0
05S.F,NON_COUVERT_OU_IDENTITE_AMBIGUE,0
WL8.F,NON_COUVERT_OU_IDENTITE_AMBIGUE,0
OA8.F,NON_COUVERT_OU_IDENTITE_AMBIGUE,0
SY4.F,NON_COUVERT_OU_IDENTITE_AMBIGUE,0
597.F,NON_COUVERT_OU_IDENTITE_AMBIGUE,0
T9CA.F,NON_COUVERT_OU_IDENTITE_AMBIGUE,0
5ZW.F,NON_COUVERT_OU_IDENTITE_AMBIGUE,0
RMP1.SG,NON_COUVERT_OU_IDENTITE_AMBIGUE,0
5I2.F,NON_COUVERT_OU_IDENTITE_AMBIGUE,0
UKC.F,NON_COUVERT_OU_IDENTITE_AMBIGUE,0
V5P.F,NON_COUVERT_OU_IDENTITE_AMBIGUE,0
QIG.F,NON_COUVERT_OU_IDENTITE_AMBIGUE,0
MD8.F,NON_COUVERT_OU_IDENTITE_AMBIGUE,0
6J4.F,NON_COUVERT_OU_IDENTITE_AMBIGUE,0
8YK.F,NON_COUVERT_OU_IDENTITE_AMBIGUE,0
CQ1.F,NON_COUVERT_OU_IDENTITE_AMBIGUE,0
XEUA.F,NON_COUVERT_OU_IDENTITE_AMBIGUE,0
RCO.F,NON_COUVERT_OU_IDENTITE_AMBIGUE,0
U7Y.F,NON_COUVERT_OU_IDENTITE_AMBIGUE,0
5LC.F,NON_COUVERT_OU_IDENTITE_AMBIGUE,0
DW51.F,NON_COUVERT_OU_IDENTITE_AMBIGUE,0
MDF.F,NON_COUVERT_OU_IDENTITE_AMBIGUE,0
3WY.F,NON_COUVERT_OU_IDENTITE_AMBIGUE,0
19R.F,NON_COUVERT_OU_IDENTITE_AMBIGUE,0
SD0.F,NON_COUVERT_OU_IDENTITE_AMBIGUE,0
2S1.F,NON_COUVERT_OU_IDENTITE_AMBIGUE,0
8TY0.F,NON_COUVERT_OU_IDENTITE_AMBIGUE,0
0N9.F,NON_COUVERT_OU_IDENTITE_AMBIGUE,0
L97.F,NON_COUVERT_OU_IDENTITE_AMBIGUE,0
CBZ.F,NON_COUVERT_OU_IDENTITE_AMBIGUE,0
SOE1.F,NON_COUVERT_OU_IDENTITE_AMBIGUE,0
4LZ.F,NON_COUVERT_OU_IDENTITE_AMBIGUE,0
DY8.F,NON_COUVERT_OU_IDENTITE_AMBIGUE,0
9B4.F,NON_COUVERT_OU_IDENTITE_AMBIGUE,0
92I.F,NON_COUVERT_OU_IDENTITE_AMBIGUE,0
YY8.F,NON_COUVERT_OU_IDENTITE_AMBIGUE,0
5VB.F,NON_COUVERT_OU_IDENTITE_AMBIGUE,0
1ZV.F,NON_COUVERT_OU_IDENTITE_AMBIGUE,0
LYF.F,NON_COUVERT_OU_IDENTITE_AMBIGUE,0
5YI.F,NON_COUVERT_OU_IDENTITE_AMBIGUE,0
KGR.F,NON_COUVERT_OU_IDENTITE_AMBIGUE,0
NH7.SG,NON_COUVERT_OU_IDENTITE_AMBIGUE,0
11B.F,NON_COUVERT_OU_IDENTITE_AMBIGUE,0
1GK.F,NON_COUVERT_OU_IDENTITE_AMBIGUE,0
CAA.F,NON_COUVERT_OU_IDENTITE_AMBIGUE,0
KF60.F,NON_COUVERT_OU_IDENTITE_AMBIGUE,0
E1V.MU,NON_COUVERT_OU_IDENTITE_AMBIGUE,0
5U2.F,NON_COUVERT_OU_IDENTITE_AMBIGUE,0
6AU.F,NON_COUVERT_OU_IDENTITE_AMBIGUE,0
PCHP.F,NON_COUVERT_OU_IDENTITE_AMBIGUE,0
WHE.F,NON_COUVERT_OU_IDENTITE_AMBIGUE,0
EK4.F,NON_COUVERT_OU_IDENTITE_AMBIGUE,0
BDO.F,NON_COUVERT_OU_IDENTITE_AMBIGUE,0
LOO.F,NON_COUVERT_OU_IDENTITE_AMBIGUE,0
CCDG.SG,NON_COUVERT_OU_IDENTITE_AMBIGUE,0
7F9.F,NON_COUVERT_OU_IDENTITE_AMBIGUE,0
TPM0.F,NON_COUVERT_OU_IDENTITE_AMBIGUE,0
8KH.F,NON_COUVERT_OU_IDENTITE_AMBIGUE,0
KEBA.F,NON_COUVERT_OU_IDENTITE_AMBIGUE,0
DGL.F,NON_COUVERT_OU_IDENTITE_AMBIGUE,0
5UP.F,NON_COUVERT_OU_IDENTITE_AMBIGUE,0
TC1.HM,NON_COUVERT_OU_IDENTITE_AMBIGUE,0
0LT.F,NON_COUVERT_OU_IDENTITE_AMBIGUE,0
0L3.F,NON_COUVERT_OU_IDENTITE_AMBIGUE,0
IF7.F,NON_COUVERT_OU_IDENTITE_AMBIGUE,0
2YP.F,NON_COUVERT_OU_IDENTITE_AMBIGUE,0
MVX.F,NON_COUVERT_OU_IDENTITE_AMBIGUE,0
ACS.F,NON_COUVERT_OU_IDENTITE_AMBIGUE,0
1BHA.F,NON_COUVERT_OU_IDENTITE_AMBIGUE,0
CI0.F,NON_COUVERT_OU_IDENTITE_AMBIGUE,0
BDG.F,NON_COUVERT_OU_IDENTITE_AMBIGUE,0
2U2.F,NON_COUVERT_OU_IDENTITE_AMBIGUE,0
PHS.F,NON_COUVERT_OU_IDENTITE_AMBIGUE,0
3S8.F,NON_COUVERT_OU_IDENTITE_AMBIGUE,0
ON6.F,NON_COUVERT_OU_IDENTITE_AMBIGUE,0
37B.F,NON_COUVERT_OU_IDENTITE_AMBIGUE,0
IU8.MU,NON_COUVERT_OU_IDENTITE_AMBIGUE,0
BSG0.F,NON_COUVERT_OU_IDENTITE_AMBIGUE,0
B2S.F,NON_COUVERT_OU_IDENTITE_AMBIGUE,0
9EM.F,NON_COUVERT_OU_IDENTITE_AMBIGUE,0
O3B.F,NON_COUVERT_OU_IDENTITE_AMBIGUE,0
WY2.F,NON_COUVERT_OU_IDENTITE_AMBIGUE,0
5M8.F,NON_COUVERT_OU_IDENTITE_AMBIGUE,0
E7L.F,NON_COUVERT_OU_IDENTITE_AMBIGUE,0
SO6.F,NON_COUVERT_OU_IDENTITE_AMBIGUE,0
SUO.F,NON_COUVERT_OU_IDENTITE_AMBIGUE,0
GM7.F,NON_COUVERT_OU_IDENTITE_AMBIGUE,0
HKQ.F,NON_COUVERT_OU_IDENTITE_AMBIGUE,0
8OT.F,NON_COUVERT_OU_IDENTITE_AMBIGUE,0
3AC.F,NON_COUVERT_OU_IDENTITE_AMBIGUE,0
3WQ0.F,NON_COUVERT_OU_IDENTITE_AMBIGUE,0
SE0.F,NON_COUVERT_OU_IDENTITE_AMBIGUE,0
PLJ2.F,NON_COUVERT_OU_IDENTITE_AMBIGUE,0
84F.F,NON_COUVERT_OU_IDENTITE_AMBIGUE,0
V3S.HM,NON_COUVERT_OU_IDENTITE_AMBIGUE,0
G1V.F,NON_COUVERT_OU_IDENTITE_AMBIGUE,0
QIN.F,NON_COUVERT_OU_IDENTITE_AMBIGUE,0
EGCA.F,NON_COUVERT_OU_IDENTITE_AMBIGUE,0
22T.F,NON_COUVERT_OU_IDENTITE_AMBIGUE,0
2NH.F,NON_COUVERT_OU_IDENTITE_AMBIGUE,0
17F.F,NON_COUVERT_OU_IDENTITE_AMBIGUE,0
I15.F,NON_COUVERT_OU_IDENTITE_AMBIGUE,0
CI0.SG,NON_COUVERT_OU_IDENTITE_AMBIGUE,0
1GJ.F,NON_COUVERT_OU_IDENTITE_AMBIGUE,0
8NW.F,NON_COUVERT_OU_IDENTITE_AMBIGUE,0
65T.F,NON_COUVERT_OU_IDENTITE_AMBIGUE,0
VAU.F,NON_COUVERT_OU_IDENTITE_AMBIGUE,0
FZS.F,NON_COUVERT_OU_IDENTITE_AMBIGUE,0
7YM.F,NON_COUVERT_OU_IDENTITE_AMBIGUE,0
B46.F,NON_COUVERT_OU_IDENTITE_AMBIGUE,0
KX4A.F,NON_COUVERT_OU_IDENTITE_AMBIGUE,0
WPK.F,NON_COUVERT_OU_IDENTITE_AMBIGUE,0
FXG.F,NON_COUVERT_OU_IDENTITE_AMBIGUE,0
A10.F,NON_COUVERT_OU_IDENTITE_AMBIGUE,0
KN6.F,NON_COUVERT_OU_IDENTITE_AMBIGUE,0
C7D.F,NON_COUVERT_OU_IDENTITE_AMBIGUE,0
PWE.F,NON_COUVERT_OU_IDENTITE_AMBIGUE,0
27V0.F,NON_COUVERT_OU_IDENTITE_AMBIGUE,0
T04.F,NON_COUVERT_OU_IDENTITE_AMBIGUE,0
QZ2.F,NON_COUVERT_OU_IDENTITE_AMBIGUE,0
91X.F,NON_COUVERT_OU_IDENTITE_AMBIGUE,0
G12.F,NON_COUVERT_OU_IDENTITE_AMBIGUE,0
F5L.F,NON_COUVERT_OU_IDENTITE_AMBIGUE,0
957.F,NON_COUVERT_OU_IDENTITE_AMBIGUE,0
29C1.F,NON_COUVERT_OU_IDENTITE_AMBIGUE,0
QC8.F,NON_COUVERT_OU_IDENTITE_AMBIGUE,0
2QR.F,NON_COUVERT_OU_IDENTITE_AMBIGUE,0
0B0.F,NON_COUVERT_OU_IDENTITE_AMBIGUE,0
SI7.F,NON_COUVERT_OU_IDENTITE_AMBIGUE,0
ELI.F,NON_COUVERT_OU_IDENTITE_AMBIGUE,0
1X4.F,NON_COUVERT_OU_IDENTITE_AMBIGUE,0
0CY.F,NON_COUVERT_OU_IDENTITE_AMBIGUE,0
OCS1.F,NON_COUVERT_OU_IDENTITE_AMBIGUE,0
EP7.F,NON_COUVERT_OU_IDENTITE_AMBIGUE,0
TG1N.F,NON_COUVERT_OU_IDENTITE_AMBIGUE,0
PJ4A.F,NON_COUVERT_OU_IDENTITE_AMBIGUE,0
BI2.F,NON_COUVERT_OU_IDENTITE_AMBIGUE,0
5QA.F,NON_COUVERT_OU_IDENTITE_AMBIGUE,0
HC2.F,NON_COUVERT_OU_IDENTITE_AMBIGUE,0
B0Z.F,NON_COUVERT_OU_IDENTITE_AMBIGUE,0
Y87.F,NON_COUVERT_OU_IDENTITE_AMBIGUE,0
69R.F,NON_COUVERT_OU_IDENTITE_AMBIGUE,0
Y96.F,NON_COUVERT_OU_IDENTITE_AMBIGUE,0
GMWA.F,NON_COUVERT_OU_IDENTITE_AMBIGUE,0
VT6.F,NON_COUVERT_OU_IDENTITE_AMBIGUE,0
QS0.F,NON_COUVERT_OU_IDENTITE_AMBIGUE,0
1ON.F,NON_COUVERT_OU_IDENTITE_AMBIGUE,0
I49.F,NON_COUVERT_OU_IDENTITE_AMBIGUE,0
0WT.F,NON_COUVERT_OU_IDENTITE_AMBIGUE,0
N4Q1.F,NON_COUVERT_OU_IDENTITE_AMBIGUE,0
4LX.F,NON_COUVERT_OU_IDENTITE_AMBIGUE,0
GW7.F,NON_COUVERT_OU_IDENTITE_AMBIGUE,0
5RG.F,NON_COUVERT_OU_IDENTITE_AMBIGUE,0
MUT3.F,NON_COUVERT_OU_IDENTITE_AMBIGUE,0
8CB0.F,NON_COUVERT_OU_IDENTITE_AMBIGUE,0
1EH.F,NON_COUVERT_OU_IDENTITE_AMBIGUE,0
WW60.F,NON_COUVERT_OU_IDENTITE_AMBIGUE,0
0O9.F,NON_COUVERT_OU_IDENTITE_AMBIGUE,0
44N.F,NON_COUVERT_OU_IDENTITE_AMBIGUE,0
OCC.F,NON_COUVERT_OU_IDENTITE_AMBIGUE,0
LE70.F,NON_COUVERT_OU_IDENTITE_AMBIGUE,0
S3T.F,NON_COUVERT_OU_IDENTITE_AMBIGUE,0
8F5.F,NON_COUVERT_OU_IDENTITE_AMBIGUE,0
HSW.F,NON_COUVERT_OU_IDENTITE_AMBIGUE,0
S2Y.F,NON_COUVERT_OU_IDENTITE_AMBIGUE,0
X1B.F,NON_COUVERT_OU_IDENTITE_AMBIGUE,0
R9L.F,NON_COUVERT_OU_IDENTITE_AMBIGUE,0
ID9.F,NON_COUVERT_OU_IDENTITE_AMBIGUE,0
XPK.F,NON_COUVERT_OU_IDENTITE_AMBIGUE,0
J97.F,NON_COUVERT_OU_IDENTITE_AMBIGUE,0
6DU.F,NON_COUVERT_OU_IDENTITE_AMBIGUE,0
WAY.F,NON_COUVERT_OU_IDENTITE_AMBIGUE,0
M9X.F,NON_COUVERT_OU_IDENTITE_AMBIGUE,0
25D.F,NON_COUVERT_OU_IDENTITE_AMBIGUE,0
EWC.SG,NON_COUVERT_OU_IDENTITE_AMBIGUE,0
JNY.F,NON_COUVERT_OU_IDENTITE_AMBIGUE,0
LKT.F,NON_COUVERT_OU_IDENTITE_AMBIGUE,0
EAQ.F,NON_COUVERT_OU_IDENTITE_AMBIGUE,0
OA5.F,NON_COUVERT_OU_IDENTITE_AMBIGUE,0
ZHY.F,NON_COUVERT_OU_IDENTITE_AMBIGUE,0
6C4.F,NON_COUVERT_OU_IDENTITE_AMBIGUE,0
AYD.SG,NON_COUVERT_OU_IDENTITE_AMBIGUE,0
MZ3.SG,NON_COUVERT_OU_IDENTITE_AMBIGUE,0
8JC.F,NON_COUVERT_OU_IDENTITE_AMBIGUE,0
5YU0.F,NON_COUVERT_OU_IDENTITE_AMBIGUE,0
M7P.F,NON_COUVERT_OU_IDENTITE_AMBIGUE,0
WUG.HM,NON_COUVERT_OU_IDENTITE_AMBIGUE,0
9Z9.SG,NON_COUVERT_OU_IDENTITE_AMBIGUE,0
WM8.SG,NON_COUVERT_OU_IDENTITE_AMBIGUE,0
SJ4A.F,NON_COUVERT_OU_IDENTITE_AMBIGUE,0
P4N.F,NON_COUVERT_OU_IDENTITE_AMBIGUE,0
3W4.F,NON_COUVERT_OU_IDENTITE_AMBIGUE,0
4QK.F,NON_COUVERT_OU_IDENTITE_AMBIGUE,0
6IO.F,NON_COUVERT_OU_IDENTITE_AMBIGUE,0
S5B0.F,NON_COUVERT_OU_IDENTITE_AMBIGUE,0
VR4.F,NON_COUVERT_OU_IDENTITE_AMBIGUE,0
GG2.F,NON_COUVERT_OU_IDENTITE_AMBIGUE,0
KC7.F,NON_COUVERT_OU_IDENTITE_AMBIGUE,0
HKR.F,NON_COUVERT_OU_IDENTITE_AMBIGUE,0
HG6.F,NON_COUVERT_OU_IDENTITE_AMBIGUE,0
8WG.F,NON_COUVERT_OU_IDENTITE_AMBIGUE,0
LIL3.F,NON_COUVERT_OU_IDENTITE_AMBIGUE,0
AYD.F,NON_COUVERT_OU_IDENTITE_AMBIGUE,0
LW4.F,NON_COUVERT_OU_IDENTITE_AMBIGUE,0
HX1A.F,NON_COUVERT_OU_IDENTITE_AMBIGUE,0
1FQ.F,NON_COUVERT_OU_IDENTITE_AMBIGUE,0
RRN.F,NON_COUVERT_OU_IDENTITE_AMBIGUE,0
F6S0.F,NON_COUVERT_OU_IDENTITE_AMBIGUE,0
3XS0.F,NON_COUVERT_OU_IDENTITE_AMBIGUE,0
X7Q.F,NON_COUVERT_OU_IDENTITE_AMBIGUE,0
WRI.F,NON_COUVERT_OU_IDENTITE_AMBIGUE,0
0JW.F,NON_COUVERT_OU_IDENTITE_AMBIGUE,0
BAOA.F,NON_COUVERT_OU_IDENTITE_AMBIGUE,0
F0Z.F,NON_COUVERT_OU_IDENTITE_AMBIGUE,0
MTK.F,NON_COUVERT_OU_IDENTITE_AMBIGUE,0
CY3.F,NON_COUVERT_OU_IDENTITE_AMBIGUE,0
7SA.F,NON_COUVERT_OU_IDENTITE_AMBIGUE,0
QS30.F,NON_COUVERT_OU_IDENTITE_AMBIGUE,0
GA7.F,NON_COUVERT_OU_IDENTITE_AMBIGUE,0
0FO.F,NON_COUVERT_OU_IDENTITE_AMBIGUE,0
HK4.F,NON_COUVERT_OU_IDENTITE_AMBIGUE,0
SM5.SG,NON_COUVERT_OU_IDENTITE_AMBIGUE,0
024.F,NON_COUVERT_OU_IDENTITE_AMBIGUE,0
PBS0.F,NON_COUVERT_OU_IDENTITE_AMBIGUE,0
ZMK0.F,NON_COUVERT_OU_IDENTITE_AMBIGUE,0
GUV.F,NON_COUVERT_OU_IDENTITE_AMBIGUE,0
D8M.F,NON_COUVERT_OU_IDENTITE_AMBIGUE,0
N3A.F,NON_COUVERT_OU_IDENTITE_AMBIGUE,0
92Y.F,NON_COUVERT_OU_IDENTITE_AMBIGUE,0
8XD.F,NON_COUVERT_OU_IDENTITE_AMBIGUE,0
8C5.F,NON_COUVERT_OU_IDENTITE_AMBIGUE,0
3YU.F,NON_COUVERT_OU_IDENTITE_AMBIGUE,0
81P.F,NON_COUVERT_OU_IDENTITE_AMBIGUE,0
0LQ.F,NON_COUVERT_OU_IDENTITE_AMBIGUE,0
9Z9.F,NON_COUVERT_OU_IDENTITE_AMBIGUE,0
8L9.F,NON_COUVERT_OU_IDENTITE_AMBIGUE,0
8YM.F,NON_COUVERT_OU_IDENTITE_AMBIGUE,0
XAR.F,NON_COUVERT_OU_IDENTITE_AMBIGUE,0
0TT.F,NON_COUVERT_OU_IDENTITE_AMBIGUE,0
AYR.F,NON_COUVERT_OU_IDENTITE_AMBIGUE,0
G4P0.F,NON_COUVERT_OU_IDENTITE_AMBIGUE,0
9FX.F,NON_COUVERT_OU_IDENTITE_AMBIGUE,0
98A.F,NON_COUVERT_OU_IDENTITE_AMBIGUE,0
4EB.F,NON_COUVERT_OU_IDENTITE_AMBIGUE,0
TXW.F,NON_COUVERT_OU_IDENTITE_AMBIGUE,0
X4C.F,NON_COUVERT_OU_IDENTITE_AMBIGUE,0
BQZ.F,NON_COUVERT_OU_IDENTITE_AMBIGUE,0
3TT0.F,NON_COUVERT_OU_IDENTITE_AMBIGUE,0
54GA.F,NON_COUVERT_OU_IDENTITE_AMBIGUE,0
JIL.F,NON_COUVERT_OU_IDENTITE_AMBIGUE,0
DR5.F,NON_COUVERT_OU_IDENTITE_AMBIGUE,0
DR5.SG,NON_COUVERT_OU_IDENTITE_AMBIGUE,0
SCD1.F,NON_COUVERT_OU_IDENTITE_AMBIGUE,0
H4N.F,NON_COUVERT_OU_IDENTITE_AMBIGUE,0
MR3.F,NON_COUVERT_OU_IDENTITE_AMBIGUE,0
PXS.F,NON_COUVERT_OU_IDENTITE_AMBIGUE,0
0AS.F,NON_COUVERT_OU_IDENTITE_AMBIGUE,0
O5O.F,NON_COUVERT_OU_IDENTITE_AMBIGUE,0
LUG.F,NON_COUVERT_OU_IDENTITE_AMBIGUE,0
B34.F,NON_COUVERT_OU_IDENTITE_AMBIGUE,0
88M.F,NON_COUVERT_OU_IDENTITE_AMBIGUE,0
1BZ.F,NON_COUVERT_OU_IDENTITE_AMBIGUE,0
5E6.F,NON_COUVERT_OU_IDENTITE_AMBIGUE,0
9UQ0.F,NON_COUVERT_OU_IDENTITE_AMBIGUE,0
LJ0.F,NON_COUVERT_OU_IDENTITE_AMBIGUE,0
3OV.F,NON_COUVERT_OU_IDENTITE_AMBIGUE,0
ESY.HM,NON_COUVERT_OU_IDENTITE_AMBIGUE,0
MQR1.F,NON_COUVERT_OU_IDENTITE_AMBIGUE,0
GSP0.F,NON_COUVERT_OU_IDENTITE_AMBIGUE,0
6BU0.F,NON_COUVERT_OU_IDENTITE_AMBIGUE,0
4CM.F,NON_COUVERT_OU_IDENTITE_AMBIGUE,0
5K6.F,NON_COUVERT_OU_IDENTITE_AMBIGUE,0
M8W.F,NON_COUVERT_OU_IDENTITE_AMBIGUE,0
I6R0.F,NON_COUVERT_OU_IDENTITE_AMBIGUE,0
C7E.F,NON_COUVERT_OU_IDENTITE_AMBIGUE,0
88M.SG,NON_COUVERT_OU_IDENTITE_AMBIGUE,0
XUN.F,NON_COUVERT_OU_IDENTITE_AMBIGUE,0
R9Z.F,NON_COUVERT_OU_IDENTITE_AMBIGUE,0
YCX.F,NON_COUVERT_OU_IDENTITE_AMBIGUE,0
OT7.F,NON_COUVERT_OU_IDENTITE_AMBIGUE,0
DDR.F,NON_COUVERT_OU_IDENTITE_AMBIGUE,0
4SM.F,NON_COUVERT_OU_IDENTITE_AMBIGUE,0
NRC.F,NON_COUVERT_OU_IDENTITE_AMBIGUE,0
7RL.F,NON_COUVERT_OU_IDENTITE_AMBIGUE,0
VNC1.F,NON_COUVERT_OU_IDENTITE_AMBIGUE,0
ALM1.F,NON_COUVERT_OU_IDENTITE_AMBIGUE,0
9KH.F,NON_COUVERT_OU_IDENTITE_AMBIGUE,0
F0Z.SG,NON_COUVERT_OU_IDENTITE_AMBIGUE,0
3F3.F,NON_COUVERT_OU_IDENTITE_AMBIGUE,0
1FI.F,NON_COUVERT_OU_IDENTITE_AMBIGUE,0
M0W.F,NON_COUVERT_OU_IDENTITE_AMBIGUE,0
AJXA.F,NON_COUVERT_OU_IDENTITE_AMBIGUE,0
8KG.F,NON_COUVERT_OU_IDENTITE_AMBIGUE,0
TIW.F,NON_COUVERT_OU_IDENTITE_AMBIGUE,0
NJ2.F,NON_COUVERT_OU_IDENTITE_AMBIGUE,0
57V.F,NON_COUVERT_OU_IDENTITE_AMBIGUE,0
O94.F,NON_COUVERT_OU_IDENTITE_AMBIGUE,0
USY1.F,NON_COUVERT_OU_IDENTITE_AMBIGUE,0
GZT.F,NON_COUVERT_OU_IDENTITE_AMBIGUE,0
2PQ.F,NON_COUVERT_OU_IDENTITE_AMBIGUE,0
1UC0.F,NON_COUVERT_OU_IDENTITE_AMBIGUE,0
I5J.F,NON_COUVERT_OU_IDENTITE_AMBIGUE,0
MUT.F,NON_COUVERT_OU_IDENTITE_AMBIGUE,0
WU3.F,NON_COUVERT_OU_IDENTITE_AMBIGUE,0
YSZ0.F,NON_COUVERT_OU_IDENTITE_AMBIGUE,0
6G0.F,NON_COUVERT_OU_IDENTITE_AMBIGUE,0
0AS.SG,NON_COUVERT_OU_IDENTITE_AMBIGUE,0
9MZ.F,NON_COUVERT_OU_IDENTITE_AMBIGUE,0
31F.F,NON_COUVERT_OU_IDENTITE_AMBIGUE,0
5EV0.F,NON_COUVERT_OU_IDENTITE_AMBIGUE,0
5L0.F,NON_COUVERT_OU_IDENTITE_AMBIGUE,0
DB2.F,NON_COUVERT_OU_IDENTITE_AMBIGUE,0
AGX.F,NON_COUVERT_OU_IDENTITE_AMBIGUE,0
6NT.F,NON_COUVERT_OU_IDENTITE_AMBIGUE,0
90G.F,NON_COUVERT_OU_IDENTITE_AMBIGUE,0
B34.SG,NON_COUVERT_OU_IDENTITE_AMBIGUE,0
FQ00.F,NON_COUVERT_OU_IDENTITE_AMBIGUE,0
R3E.F,NON_COUVERT_OU_IDENTITE_AMBIGUE,0
1Q6.F,NON_COUVERT_OU_IDENTITE_AMBIGUE,0
MJG1.F,NON_COUVERT_OU_IDENTITE_AMBIGUE,0
15V.F,NON_COUVERT_OU_IDENTITE_AMBIGUE,0
K46.F,NON_COUVERT_OU_IDENTITE_AMBIGUE,0
SUT.F,NON_COUVERT_OU_IDENTITE_AMBIGUE,0
6PW.F,NON_COUVERT_OU_IDENTITE_AMBIGUE,0
P1F.F,NON_COUVERT_OU_IDENTITE_AMBIGUE,0
RAM.F,NON_COUVERT_OU_IDENTITE_AMBIGUE,0
NUN.F,NON_COUVERT_OU_IDENTITE_AMBIGUE,0
PEZ.F,NON_COUVERT_OU_IDENTITE_AMBIGUE,0
3QT1.F,NON_COUVERT_OU_IDENTITE_AMBIGUE,0
TVJ.F,NON_COUVERT_OU_IDENTITE_AMBIGUE,0
QK9.F,NON_COUVERT_OU_IDENTITE_AMBIGUE,0
RLL.F,NON_COUVERT_OU_IDENTITE_AMBIGUE,0
6H90.F,NON_COUVERT_OU_IDENTITE_AMBIGUE,0
UD1.F,NON_COUVERT_OU_IDENTITE_AMBIGUE,0
9S5.F,NON_COUVERT_OU_IDENTITE_AMBIGUE,0
YI4.F,NON_COUVERT_OU_IDENTITE_AMBIGUE,0
BGD3.F,NON_COUVERT_OU_IDENTITE_AMBIGUE,0
W3J.F,NON_COUVERT_OU_IDENTITE_AMBIGUE,0
6I6.F,NON_COUVERT_OU_IDENTITE_AMBIGUE,0
L0A.F,NON_COUVERT_OU_IDENTITE_AMBIGUE,0
V6L.F,NON_COUVERT_OU_IDENTITE_AMBIGUE,0
8AGA.F,NON_COUVERT_OU_IDENTITE_AMBIGUE,0
45S.F,NON_COUVERT_OU_IDENTITE_AMBIGUE,0
6MM.F,NON_COUVERT_OU_IDENTITE_AMBIGUE,0
OCD1.F,NON_COUVERT_OU_IDENTITE_AMBIGUE,0
3FDA.F,NON_COUVERT_OU_IDENTITE_AMBIGUE,0
8NR.F,NON_COUVERT_OU_IDENTITE_AMBIGUE,0
D0Y.F,NON_COUVERT_OU_IDENTITE_AMBIGUE,0
SPT6.F,NON_COUVERT_OU_IDENTITE_AMBIGUE,0
6P4.F,NON_COUVERT_OU_IDENTITE_AMBIGUE,0
B5R.F,NON_COUVERT_OU_IDENTITE_AMBIGUE,0
R4I.F,NON_COUVERT_OU_IDENTITE_AMBIGUE,0
W33.F,NON_COUVERT_OU_IDENTITE_AMBIGUE,0
DB7.F,NON_COUVERT_OU_IDENTITE_AMBIGUE,0
MSGL.HM,NON_COUVERT_OU_IDENTITE_AMBIGUE,0
3NA.F,NON_COUVERT_OU_IDENTITE_AMBIGUE,0
IN9.F,NON_COUVERT_OU_IDENTITE_AMBIGUE,0
71T.F,NON_COUVERT_OU_IDENTITE_AMBIGUE,0
FET.F,NON_COUVERT_OU_IDENTITE_AMBIGUE,0
4ZG.F,NON_COUVERT_OU_IDENTITE_AMBIGUE,0
T7C0.F,NON_COUVERT_OU_IDENTITE_AMBIGUE,0
IZH.F,NON_COUVERT_OU_IDENTITE_AMBIGUE,0
TED.F,NON_COUVERT_OU_IDENTITE_AMBIGUE,0
T9W.F,NON_COUVERT_OU_IDENTITE_AMBIGUE,0
BKG.F,NON_COUVERT_OU_IDENTITE_AMBIGUE,0
CIOC.F,NON_COUVERT_OU_IDENTITE_AMBIGUE,0
WS7A.F,NON_COUVERT_OU_IDENTITE_AMBIGUE,0
I6X.MU,NON_COUVERT_OU_IDENTITE_AMBIGUE,0
RZT.F,NON_COUVERT_OU_IDENTITE_AMBIGUE,0
MP9.F,NON_COUVERT_OU_IDENTITE_AMBIGUE,0
H1B.F,NON_COUVERT_OU_IDENTITE_AMBIGUE,0
3U8.F,NON_COUVERT_OU_IDENTITE_AMBIGUE,0
E8Q.F,NON_COUVERT_OU_IDENTITE_AMBIGUE,0
3WG.SG,NON_COUVERT_OU_IDENTITE_AMBIGUE,0
6YQ.F,NON_COUVERT_OU_IDENTITE_AMBIGUE,0
U7MA.F,NON_COUVERT_OU_IDENTITE_AMBIGUE,0
K3A.F,NON_COUVERT_OU_IDENTITE_AMBIGUE,0
2GX.F,NON_COUVERT_OU_IDENTITE_AMBIGUE,0
BRW.F,NON_COUVERT_OU_IDENTITE_AMBIGUE,0
2OQ.F,NON_COUVERT_OU_IDENTITE_AMBIGUE,0
ZMM.F,NON_COUVERT_OU_IDENTITE_AMBIGUE,0
1D8.F,NON_COUVERT_OU_IDENTITE_AMBIGUE,0
60E.F,NON_COUVERT_OU_IDENTITE_AMBIGUE,0
MXD.F,NON_COUVERT_OU_IDENTITE_AMBIGUE,0
D7Q1.F,NON_COUVERT_OU_IDENTITE_AMBIGUE,0
3WG.F,NON_COUVERT_OU_IDENTITE_AMBIGUE,0
662.F,NON_COUVERT_OU_IDENTITE_AMBIGUE,0
MRR.F,NON_COUVERT_OU_IDENTITE_AMBIGUE,0
I9C.F,NON_COUVERT_OU_IDENTITE_AMBIGUE,0
2ME.F,NON_COUVERT_OU_IDENTITE_AMBIGUE,0
7N70.F,NON_COUVERT_OU_IDENTITE_AMBIGUE,0
CMF.F,NON_COUVERT_OU_IDENTITE_AMBIGUE,0
CMF.SG,NON_COUVERT_OU_IDENTITE_AMBIGUE,0
1CY.F,NON_COUVERT_OU_IDENTITE_AMBIGUE,0
PC5.F,NON_COUVERT_OU_IDENTITE_AMBIGUE,0
24S.F,NON_COUVERT_OU_IDENTITE_AMBIGUE,0
77Q.F,NON_COUVERT_OU_IDENTITE_AMBIGUE,0
5NQ.F,NON_COUVERT_OU_IDENTITE_AMBIGUE,0
GF7.F,NON_COUVERT_OU_IDENTITE_AMBIGUE,0
NFU.MU,NON_COUVERT_OU_IDENTITE_AMBIGUE,0
DKG.DE,NON_COUVERT_OU_IDENTITE_AMBIGUE,0
CHO1.F,NON_COUVERT_OU_IDENTITE_AMBIGUE,0
4Q01.F,NON_COUVERT_OU_IDENTITE_AMBIGUE,0
OVER.F,NON_COUVERT_OU_IDENTITE_AMBIGUE,0
6G6.F,NON_COUVERT_OU_IDENTITE_AMBIGUE,0
E35.F,NON_COUVERT_OU_IDENTITE_AMBIGUE,0
8OX1.SG,NON_COUVERT_OU_IDENTITE_AMBIGUE,0
1KX0.F,NON_COUVERT_OU_IDENTITE_AMBIGUE,0
M8M.F,NON_COUVERT_OU_IDENTITE_AMBIGUE,0
5RO.F,NON_COUVERT_OU_IDENTITE_AMBIGUE,0
TNR.F,NON_COUVERT_OU_IDENTITE_AMBIGUE,0
7E1.F,NON_COUVERT_OU_IDENTITE_AMBIGUE,0
978.F,NON_COUVERT_OU_IDENTITE_AMBIGUE,0
73Q.F,NON_COUVERT_OU_IDENTITE_AMBIGUE,0
9W0.F,NON_COUVERT_OU_IDENTITE_AMBIGUE,0
XYUA.F,NON_COUVERT_OU_IDENTITE_AMBIGUE,0
HIN0.F,NON_COUVERT_OU_IDENTITE_AMBIGUE,0
M2Z.F,NON_COUVERT_OU_IDENTITE_AMBIGUE,0
MW4.F,NON_COUVERT_OU_IDENTITE_AMBIGUE,0
22L.F,NON_COUVERT_OU_IDENTITE_AMBIGUE,0
8NN.F,NON_COUVERT_OU_IDENTITE_AMBIGUE,0
1S70.F,NON_COUVERT_OU_IDENTITE_AMBIGUE,0
B7H.F,NON_COUVERT_OU_IDENTITE_AMBIGUE,0
GQ6.F,NON_COUVERT_OU_IDENTITE_AMBIGUE,0
GGN.F,NON_COUVERT_OU_IDENTITE_AMBIGUE,0
24S.SG,NON_COUVERT_OU_IDENTITE_AMBIGUE,0
Y4E.F,NON_COUVERT_OU_IDENTITE_AMBIGUE,0
L5D.F,NON_COUVERT_OU_IDENTITE_AMBIGUE,0
CK7.F,NON_COUVERT_OU_IDENTITE_AMBIGUE,0
9UZ.F,NON_COUVERT_OU_IDENTITE_AMBIGUE,0
MIS.F,NON_COUVERT_OU_IDENTITE_AMBIGUE,0
2YU.F,NON_COUVERT_OU_IDENTITE_AMBIGUE,0
YF0.F,NON_COUVERT_OU_IDENTITE_AMBIGUE,0
61Z1.F,NON_COUVERT_OU_IDENTITE_AMBIGUE,0
DGN.F,NON_COUVERT_OU_IDENTITE_AMBIGUE,0
0GV.F,NON_COUVERT_OU_IDENTITE_AMBIGUE,0
DKC.F,NON_COUVERT_OU_IDENTITE_AMBIGUE,0
E08A.F,NON_COUVERT_OU_IDENTITE_AMBIGUE,0
GET.F,NON_COUVERT_OU_IDENTITE_AMBIGUE,0
63E.SG,NON_COUVERT_OU_IDENTITE_AMBIGUE,0
D6X.F,NON_COUVERT_OU_IDENTITE_AMBIGUE,0
SZ9.F,NON_COUVERT_OU_IDENTITE_AMBIGUE,0
FGPN.F,NON_COUVERT_OU_IDENTITE_AMBIGUE,0
XIC.F,NON_COUVERT_OU_IDENTITE_AMBIGUE,0
4JO.F,NON_COUVERT_OU_IDENTITE_AMBIGUE,0
O6M.F,NON_COUVERT_OU_IDENTITE_AMBIGUE,0
OEL.F,NON_COUVERT_OU_IDENTITE_AMBIGUE,0
SC5A.F,NON_COUVERT_OU_IDENTITE_AMBIGUE,0
0TX.F,NON_COUVERT_OU_IDENTITE_AMBIGUE,0
07K.F,NON_COUVERT_OU_IDENTITE_AMBIGUE,0
1C6.F,NON_COUVERT_OU_IDENTITE_AMBIGUE,0
HVB.F,NON_COUVERT_OU_IDENTITE_AMBIGUE,0
XQN.F,NON_COUVERT_OU_IDENTITE_AMBIGUE,0
T9Z.F,NON_COUVERT_OU_IDENTITE_AMBIGUE,0
5MU.F,NON_COUVERT_OU_IDENTITE_AMBIGUE,0
BGR.F,NON_COUVERT_OU_IDENTITE_AMBIGUE,0
DHR.F,NON_COUVERT_OU_IDENTITE_AMBIGUE,0
63E.F,NON_COUVERT_OU_IDENTITE_AMBIGUE,0
9CK.F,NON_COUVERT_OU_IDENTITE_AMBIGUE,0
FC8.F,NON_COUVERT_OU_IDENTITE_AMBIGUE,0
EDA.F,NON_COUVERT_OU_IDENTITE_AMBIGUE,0
PGZ.F,NON_COUVERT_OU_IDENTITE_AMBIGUE,0
LH1.F,NON_COUVERT_OU_IDENTITE_AMBIGUE,0
9IA.F,NON_COUVERT_OU_IDENTITE_AMBIGUE,0
RIK.F,NON_COUVERT_OU_IDENTITE_AMBIGUE,0
95D.F,NON_COUVERT_OU_IDENTITE_AMBIGUE,0
N4T.F,NON_COUVERT_OU_IDENTITE_AMBIGUE,0
TM9.F,NON_COUVERT_OU_IDENTITE_AMBIGUE,0
LIW.F,NON_COUVERT_OU_IDENTITE_AMBIGUE,0
SG5.F,NON_COUVERT_OU_IDENTITE_AMBIGUE,0
32D.F,NON_COUVERT_OU_IDENTITE_AMBIGUE,0
5IK.F,NON_COUVERT_OU_IDENTITE_AMBIGUE,0
54M.F,NON_COUVERT_OU_IDENTITE_AMBIGUE,0
N67.F,NON_COUVERT_OU_IDENTITE_AMBIGUE,0
BU3.F,NON_COUVERT_OU_IDENTITE_AMBIGUE,0
QKL1.F,NON_COUVERT_OU_IDENTITE_AMBIGUE,0
A3A.F,NON_COUVERT_OU_IDENTITE_AMBIGUE,0
R9B.F,NON_COUVERT_OU_IDENTITE_AMBIGUE,0
MW4.SG,NON_COUVERT_OU_IDENTITE_AMBIGUE,0
C38.F,NON_COUVERT_OU_IDENTITE_AMBIGUE,0
TM9.SG,NON_COUVERT_OU_IDENTITE_AMBIGUE,0
ZP7.F,NON_COUVERT_OU_IDENTITE_AMBIGUE,0
P9A.F,NON_COUVERT_OU_IDENTITE_AMBIGUE,0
3K2.F,NON_COUVERT_OU_IDENTITE_AMBIGUE,0
1J2.F,NON_COUVERT_OU_IDENTITE_AMBIGUE,0
F1H.F,NON_COUVERT_OU_IDENTITE_AMBIGUE,0
XWM0.F,NON_COUVERT_OU_IDENTITE_AMBIGUE,0
Z68.F,NON_COUVERT_OU_IDENTITE_AMBIGUE,0
UJ0.F,NON_COUVERT_OU_IDENTITE_AMBIGUE,0
S0G.F,NON_COUVERT_OU_IDENTITE_AMBIGUE,0
TNY1.SG,NON_COUVERT_OU_IDENTITE_AMBIGUE,0
6E5.F,NON_COUVERT_OU_IDENTITE_AMBIGUE,0
A2T.F,NON_COUVERT_OU_IDENTITE_AMBIGUE,0
3V20.F,NON_COUVERT_OU_IDENTITE_AMBIGUE,0
N5X.F,NON_COUVERT_OU_IDENTITE_AMBIGUE,0
4VL.F,NON_COUVERT_OU_IDENTITE_AMBIGUE,0
FAR.F,NON_COUVERT_OU_IDENTITE_AMBIGUE,0
4C1.F,NON_COUVERT_OU_IDENTITE_AMBIGUE,0
ZD8.F,NON_COUVERT_OU_IDENTITE_AMBIGUE,0
IBG.F,NON_COUVERT_OU_IDENTITE_AMBIGUE,0
FFR.F,NON_COUVERT_OU_IDENTITE_AMBIGUE,0
T62.F,NON_COUVERT_OU_IDENTITE_AMBIGUE,0
LYV.F,NON_COUVERT_OU_IDENTITE_AMBIGUE,0
GR6.F,NON_COUVERT_OU_IDENTITE_AMBIGUE,0
0GF.F,NON_COUVERT_OU_IDENTITE_AMBIGUE,0
R5L.F,NON_COUVERT_OU_IDENTITE_AMBIGUE,0
CB4.F,NON_COUVERT_OU_IDENTITE_AMBIGUE,0
MIO.F,NON_COUVERT_OU_IDENTITE_AMBIGUE,0
07R.F,NON_COUVERT_OU_IDENTITE_AMBIGUE,0
0MD.F,NON_COUVERT_OU_IDENTITE_AMBIGUE,0
PDXN.F,NON_COUVERT_OU_IDENTITE_AMBIGUE,0
41I.F,NON_COUVERT_OU_IDENTITE_AMBIGUE,0
PSQ.F,NON_COUVERT_OU_IDENTITE_AMBIGUE,0
MUY.F,NON_COUVERT_OU_IDENTITE_AMBIGUE,0
IMY.F,NON_COUVERT_OU_IDENTITE_AMBIGUE,0
27K.SG,NON_COUVERT_OU_IDENTITE_AMBIGUE,0
5PMA.F,NON_COUVERT_OU_IDENTITE_AMBIGUE,0
6Z8.F,NON_COUVERT_OU_IDENTITE_AMBIGUE,0
TQW.F,NON_COUVERT_OU_IDENTITE_AMBIGUE,0
CCP.SG,NON_COUVERT_OU_IDENTITE_AMBIGUE,0
3DO.F,NON_COUVERT_OU_IDENTITE_AMBIGUE,0
9KJ.F,NON_COUVERT_OU_IDENTITE_AMBIGUE,0
433.F,NON_COUVERT_OU_IDENTITE_AMBIGUE,0
FTO.F,NON_COUVERT_OU_IDENTITE_AMBIGUE,0
4RS.F,NON_COUVERT_OU_IDENTITE_AMBIGUE,0
OT8.F,NON_COUVERT_OU_IDENTITE_AMBIGUE,0
EZ8.F,NON_COUVERT_OU_IDENTITE_AMBIGUE,0
EK9.F,NON_COUVERT_OU_IDENTITE_AMBIGUE,0
ZM3.F,NON_COUVERT_OU_IDENTITE_AMBIGUE,0
000.F,NON_COUVERT_OU_IDENTITE_AMBIGUE,0
TXC2.F,NON_COUVERT_OU_IDENTITE_AMBIGUE,0
JCM.F,NON_COUVERT_OU_IDENTITE_AMBIGUE,0
BUOB.F,NON_COUVERT_OU_IDENTITE_AMBIGUE,0
2L2.F,NON_COUVERT_OU_IDENTITE_AMBIGUE,0
S13.F,NON_COUVERT_OU_IDENTITE_AMBIGUE,0
CHC1.F,NON_COUVERT_OU_IDENTITE_AMBIGUE,0
4ZL.F,NON_COUVERT_OU_IDENTITE_AMBIGUE,0
0CD.F,NON_COUVERT_OU_IDENTITE_AMBIGUE,0
3XT.F,NON_COUVERT_OU_IDENTITE_AMBIGUE,0
I8D.F,NON_COUVERT_OU_IDENTITE_AMBIGUE,0
HF5.F,NON_COUVERT_OU_IDENTITE_AMBIGUE,0
7XR.F,NON_COUVERT_OU_IDENTITE_AMBIGUE,0
1E91.SG,NON_COUVERT_OU_IDENTITE_AMBIGUE,0
35J.F,NON_COUVERT_OU_IDENTITE_AMBIGUE,0
9YG.F,NON_COUVERT_OU_IDENTITE_AMBIGUE,0
WWY1.SG,NON_COUVERT_OU_IDENTITE_AMBIGUE,0
BAI0.F,NON_COUVERT_OU_IDENTITE_AMBIGUE,0
89W.F,NON_COUVERT_OU_IDENTITE_AMBIGUE,0
UZQ.F,NON_COUVERT_OU_IDENTITE_AMBIGUE,0
3T00.F,NON_COUVERT_OU_IDENTITE_AMBIGUE,0
TQ2.F,NON_COUVERT_OU_IDENTITE_AMBIGUE,0
2FH.F,NON_COUVERT_OU_IDENTITE_AMBIGUE,0
ZVR.F,NON_COUVERT_OU_IDENTITE_AMBIGUE,0
BY9.F,NON_COUVERT_OU_IDENTITE_AMBIGUE,0
PBDA.F,NON_COUVERT_OU_IDENTITE_AMBIGUE,0
5TJ.F,NON_COUVERT_OU_IDENTITE_AMBIGUE,0
5FM0.F,NON_COUVERT_OU_IDENTITE_AMBIGUE,0
CTNK.F,NON_COUVERT_OU_IDENTITE_AMBIGUE,0
IC5.F,NON_COUVERT_OU_IDENTITE_AMBIGUE,0
2PR3.F,NON_COUVERT_OU_IDENTITE_AMBIGUE,0
EPL.F,NON_COUVERT_OU_IDENTITE_AMBIGUE,0
AY8.SG,NON_COUVERT_OU_IDENTITE_AMBIGUE,0
TGNA.F,NON_COUVERT_OU_IDENTITE_AMBIGUE,0
779.F,NON_COUVERT_OU_IDENTITE_AMBIGUE,0
6TU.F,NON_COUVERT_OU_IDENTITE_AMBIGUE,0
HX8.F,NON_COUVERT_OU_IDENTITE_AMBIGUE,0
45H.F,NON_COUVERT_OU_IDENTITE_AMBIGUE,0
3WB.SG,NON_COUVERT_OU_IDENTITE_AMBIGUE,0
8FN.F,NON_COUVERT_OU_IDENTITE_AMBIGUE,0
1SD.F,NON_COUVERT_OU_IDENTITE_AMBIGUE,0
SCG.SG,NON_COUVERT_OU_IDENTITE_AMBIGUE,0
EPU.F,NON_COUVERT_OU_IDENTITE_AMBIGUE,0
3UD.F,NON_COUVERT_OU_IDENTITE_AMBIGUE,0
93V.F,NON_COUVERT_OU_IDENTITE_AMBIGUE,0
M7X.F,NON_COUVERT_OU_IDENTITE_AMBIGUE,0
81Y.SG,NON_COUVERT_OU_IDENTITE_AMBIGUE,0
7DC.F,NON_COUVERT_OU_IDENTITE_AMBIGUE,0
OW0A.F,NON_COUVERT_OU_IDENTITE_AMBIGUE,0
J4Y.F,NON_COUVERT_OU_IDENTITE_AMBIGUE,0
3FF.F,NON_COUVERT_OU_IDENTITE_AMBIGUE,0
UTM.F,NON_COUVERT_OU_IDENTITE_AMBIGUE,0
T6N.F,NON_COUVERT_OU_IDENTITE_AMBIGUE,0
K9N.F,NON_COUVERT_OU_IDENTITE_AMBIGUE,0
N3B.F,NON_COUVERT_OU_IDENTITE_AMBIGUE,0
MBJ.F,NON_COUVERT_OU_IDENTITE_AMBIGUE,0
30M.F,NON_COUVERT_OU_IDENTITE_AMBIGUE,0
84H.F,NON_COUVERT_OU_IDENTITE_AMBIGUE,0
XSNA.F,NON_COUVERT_OU_IDENTITE_AMBIGUE,0
2BM.F,NON_COUVERT_OU_IDENTITE_AMBIGUE,0
SQZ.F,NON_COUVERT_OU_IDENTITE_AMBIGUE,0
CCP.F,NON_COUVERT_OU_IDENTITE_AMBIGUE,0
B120.F,NON_COUVERT_OU_IDENTITE_AMBIGUE,0
OIH.F,NON_COUVERT_OU_IDENTITE_AMBIGUE,0
8SW.F,NON_COUVERT_OU_IDENTITE_AMBIGUE,0
RI7.F,NON_COUVERT_OU_IDENTITE_AMBIGUE,0
VCM.F,NON_COUVERT_OU_IDENTITE_AMBIGUE,0
838.F,NON_COUVERT_OU_IDENTITE_AMBIGUE,0
B2K.F,NON_COUVERT_OU_IDENTITE_AMBIGUE,0
7ES1.F,NON_COUVERT_OU_IDENTITE_AMBIGUE,0
XDH.F,NON_COUVERT_OU_IDENTITE_AMBIGUE,0
35J.SG,NON_COUVERT_OU_IDENTITE_AMBIGUE,0
6CQ.F,NON_COUVERT_OU_IDENTITE_AMBIGUE,0
TP3.F,NON_COUVERT_OU_IDENTITE_AMBIGUE,0
FQV.F,NON_COUVERT_OU_IDENTITE_AMBIGUE,0
G6G0.F,NON_COUVERT_OU_IDENTITE_AMBIGUE,0
9VI.F,NON_COUVERT_OU_IDENTITE_AMBIGUE,0
UM7.F,NON_COUVERT_OU_IDENTITE_AMBIGUE,0
6AH.F,NON_COUVERT_OU_IDENTITE_AMBIGUE,0
V7XN.F,NON_COUVERT_OU_IDENTITE_AMBIGUE,0
AR2.F,NON_COUVERT_OU_IDENTITE_AMBIGUE,0
0PQ.F,NON_COUVERT_OU_IDENTITE_AMBIGUE,0
NUS.F,NON_COUVERT_OU_IDENTITE_AMBIGUE,0
2FH.SG,NON_COUVERT_OU_IDENTITE_AMBIGUE,0
784.F,NON_COUVERT_OU_IDENTITE_AMBIGUE,0
HAO.F,NON_COUVERT_OU_IDENTITE_AMBIGUE,0
II8.F,NON_COUVERT_OU_IDENTITE_AMBIGUE,0
S090.F,NON_COUVERT_OU_IDENTITE_AMBIGUE,0
SWQ.F,NON_COUVERT_OU_IDENTITE_AMBIGUE,0
2OZA.F,NON_COUVERT_OU_IDENTITE_AMBIGUE,0
M3O.F,NON_COUVERT_OU_IDENTITE_AMBIGUE,0
BT3.F,NON_COUVERT_OU_IDENTITE_AMBIGUE,0
1E91.F,NON_COUVERT_OU_IDENTITE_AMBIGUE,0
M55.F,NON_COUVERT_OU_IDENTITE_AMBIGUE,0
BTA.F,NON_COUVERT_OU_IDENTITE_AMBIGUE,0
GLV.F,NON_COUVERT_OU_IDENTITE_AMBIGUE,0
0BK.F,NON_COUVERT_OU_IDENTITE_AMBIGUE,0
AH2N.F,NON_COUVERT_OU_IDENTITE_AMBIGUE,0
BC70.F,NON_COUVERT_OU_IDENTITE_AMBIGUE,0
J0H.F,NON_COUVERT_OU_IDENTITE_AMBIGUE,0
2LYA.F,NON_COUVERT_OU_IDENTITE_AMBIGUE,0
BJ3.F,NON_COUVERT_OU_IDENTITE_AMBIGUE,0
OP3.F,NON_COUVERT_OU_IDENTITE_AMBIGUE,0
PRVA.F,NON_COUVERT_OU_IDENTITE_AMBIGUE,0
TZ0.F,NON_COUVERT_OU_IDENTITE_AMBIGUE,0
JTI.F,NON_COUVERT_OU_IDENTITE_AMBIGUE,0
AMH.F,NON_COUVERT_OU_IDENTITE_AMBIGUE,0
P5C.F,NON_COUVERT_OU_IDENTITE_AMBIGUE,0
SD4.F,NON_COUVERT_OU_IDENTITE_AMBIGUE,0
JBX.F,NON_COUVERT_OU_IDENTITE_AMBIGUE,0
YG6.F,NON_COUVERT_OU_IDENTITE_AMBIGUE,0
PHE.F,NON_COUVERT_OU_IDENTITE_AMBIGUE,0
6RN.F,NON_COUVERT_OU_IDENTITE_AMBIGUE,0
6RN.SG,NON_COUVERT_OU_IDENTITE_AMBIGUE,0
3KF0.F,NON_COUVERT_OU_IDENTITE_AMBIGUE,0
SMG.F,NON_COUVERT_OU_IDENTITE_AMBIGUE,0
DB0.F,NON_COUVERT_OU_IDENTITE_AMBIGUE,0
56P.F,NON_COUVERT_OU_IDENTITE_AMBIGUE,0
9S2.F,NON_COUVERT_OU_IDENTITE_AMBIGUE,0
50P.F,NON_COUVERT_OU_IDENTITE_AMBIGUE,0
5NZ.F,NON_COUVERT_OU_IDENTITE_AMBIGUE,0
9DB.F,NON_COUVERT_OU_IDENTITE_AMBIGUE,0
1J3.F,NON_COUVERT_OU_IDENTITE_AMBIGUE,0
EN0.F,NON_COUVERT_OU_IDENTITE_AMBIGUE,0
FEQ1.F,NON_COUVERT_OU_IDENTITE_AMBIGUE,0
A1T.F,NON_COUVERT_OU_IDENTITE_AMBIGUE,0
AX9.F,NON_COUVERT_OU_IDENTITE_AMBIGUE,0
FWQ.F,NON_COUVERT_OU_IDENTITE_AMBIGUE,0
5P1.F,NON_COUVERT_OU_IDENTITE_AMBIGUE,0
6OJ.F,NON_COUVERT_OU_IDENTITE_AMBIGUE,0
TU3.F,NON_COUVERT_OU_IDENTITE_AMBIGUE,0
295.F,NON_COUVERT_OU_IDENTITE_AMBIGUE,0
EMO.F,NON_COUVERT_OU_IDENTITE_AMBIGUE,0
LDE.F,NON_COUVERT_OU_IDENTITE_AMBIGUE,0
IMV.F,NON_COUVERT_OU_IDENTITE_AMBIGUE,0
UT1.F,NON_COUVERT_OU_IDENTITE_AMBIGUE,0
0P1A.F,NON_COUVERT_OU_IDENTITE_AMBIGUE,0
GIO.F,NON_COUVERT_OU_IDENTITE_AMBIGUE,0
B9O2.F,NON_COUVERT_OU_IDENTITE_AMBIGUE,0
AKP.F,NON_COUVERT_OU_IDENTITE_AMBIGUE,0
4SG.F,NON_COUVERT_OU_IDENTITE_AMBIGUE,0
3IA.F,NON_COUVERT_OU_IDENTITE_AMBIGUE,0
HOJ.F,NON_COUVERT_OU_IDENTITE_AMBIGUE,0
2UH0.F,NON_COUVERT_OU_IDENTITE_AMBIGUE,0
41Y.F,NON_COUVERT_OU_IDENTITE_AMBIGUE,0
NH8.F,NON_COUVERT_OU_IDENTITE_AMBIGUE,0
T70.F,NON_COUVERT_OU_IDENTITE_AMBIGUE,0
71F.F,NON_COUVERT_OU_IDENTITE_AMBIGUE,0
RJN.F,NON_COUVERT_OU_IDENTITE_AMBIGUE,0
5H3.F,NON_COUVERT_OU_IDENTITE_AMBIGUE,0
TUS.F,NON_COUVERT_OU_IDENTITE_AMBIGUE,0
ORN.F,NON_COUVERT_OU_IDENTITE_AMBIGUE,0
17J.F,NON_COUVERT_OU_IDENTITE_AMBIGUE,0
Z4R.F,NON_COUVERT_OU_IDENTITE_AMBIGUE,0
13H.F,NON_COUVERT_OU_IDENTITE_AMBIGUE,0
8AE.F,NON_COUVERT_OU_IDENTITE_AMBIGUE,0
ND4.F,NON_COUVERT_OU_IDENTITE_AMBIGUE,0
A6Y0.F,NON_COUVERT_OU_IDENTITE_AMBIGUE,0
489.F,NON_COUVERT_OU_IDENTITE_AMBIGUE,0
G0M.F,NON_COUVERT_OU_IDENTITE_AMBIGUE,0
6ME.F,NON_COUVERT_OU_IDENTITE_AMBIGUE,0
J8D0.F,NON_COUVERT_OU_IDENTITE_AMBIGUE,0
4C0.F,NON_COUVERT_OU_IDENTITE_AMBIGUE,0
9IE.F,NON_COUVERT_OU_IDENTITE_AMBIGUE,0
EH3.F,NON_COUVERT_OU_IDENTITE_AMBIGUE,0
NYVU.F,NON_COUVERT_OU_IDENTITE_AMBIGUE,0
8Q3.F,NON_COUVERT_OU_IDENTITE_AMBIGUE,0
6DY.F,NON_COUVERT_OU_IDENTITE_AMBIGUE,0
9CH.F,NON_COUVERT_OU_IDENTITE_AMBIGUE,0
9UG1.F,NON_COUVERT_OU_IDENTITE_AMBIGUE,0
2YMA.F,NON_COUVERT_OU_IDENTITE_AMBIGUE,0
JUB.F,NON_COUVERT_OU_IDENTITE_AMBIGUE,0
IMR.F,NON_COUVERT_OU_IDENTITE_AMBIGUE,0
D6A.F,NON_COUVERT_OU_IDENTITE_AMBIGUE,0
6S7.F,NON_COUVERT_OU_IDENTITE_AMBIGUE,0
FOS.F,NON_COUVERT_OU_IDENTITE_AMBIGUE,0
C8V.F,NON_COUVERT_OU_IDENTITE_AMBIGUE,0
13B.F,NON_COUVERT_OU_IDENTITE_AMBIGUE,0
TB8A.F,NON_COUVERT_OU_IDENTITE_AMBIGUE,0
FRW.F,NON_COUVERT_OU_IDENTITE_AMBIGUE,0
T06.F,NON_COUVERT_OU_IDENTITE_AMBIGUE,0
ZYD.F,NON_COUVERT_OU_IDENTITE_AMBIGUE,0
VG30.F,NON_COUVERT_OU_IDENTITE_AMBIGUE,0
MEF1.F,NON_COUVERT_OU_IDENTITE_AMBIGUE,0
UJ9.F,NON_COUVERT_OU_IDENTITE_AMBIGUE,0
EP3.F,NON_COUVERT_OU_IDENTITE_AMBIGUE,0
2DS.F,NON_COUVERT_OU_IDENTITE_AMBIGUE,0
JDD.F,NON_COUVERT_OU_IDENTITE_AMBIGUE,0
92P.F,NON_COUVERT_OU_IDENTITE_AMBIGUE,0
TJN.F,NON_COUVERT_OU_IDENTITE_AMBIGUE,0
WQ6.F,NON_COUVERT_OU_IDENTITE_AMBIGUE,0
HRI.F,NON_COUVERT_OU_IDENTITE_AMBIGUE,0
CK5A.F,NON_COUVERT_OU_IDENTITE_AMBIGUE,0
81Y.F,NON_COUVERT_OU_IDENTITE_AMBIGUE,0
25E.F,NON_COUVERT_OU_IDENTITE_AMBIGUE,0
AWT.F,NON_COUVERT_OU_IDENTITE_AMBIGUE,0
R20.F,NON_COUVERT_OU_IDENTITE_AMBIGUE,0
ED9.F,NON_COUVERT_OU_IDENTITE_AMBIGUE,0
MD5.F,NON_COUVERT_OU_IDENTITE_AMBIGUE,0
0KH.SG,NON_COUVERT_OU_IDENTITE_AMBIGUE,0
8KW.F,NON_COUVERT_OU_IDENTITE_AMBIGUE,0
MF3.F,NON_COUVERT_OU_IDENTITE_AMBIGUE,0
722.F,NON_COUVERT_OU_IDENTITE_AMBIGUE,0
7EI.F,NON_COUVERT_OU_IDENTITE_AMBIGUE,0
H90.F,NON_COUVERT_OU_IDENTITE_AMBIGUE,0
A23.F,NON_COUVERT_OU_IDENTITE_AMBIGUE,0
50BA.F,NON_COUVERT_OU_IDENTITE_AMBIGUE,0
6VX.F,NON_COUVERT_OU_IDENTITE_AMBIGUE,0
V2W.F,NON_COUVERT_OU_IDENTITE_AMBIGUE,0
22B.F,NON_COUVERT_OU_IDENTITE_AMBIGUE,0
5FD.F,NON_COUVERT_OU_IDENTITE_AMBIGUE,0
9F2.F,NON_COUVERT_OU_IDENTITE_AMBIGUE,0
AU1.F,NON_COUVERT_OU_IDENTITE_AMBIGUE,0
IM4.SG,NON_COUVERT_OU_IDENTITE_AMBIGUE,0
1VW.F,NON_COUVERT_OU_IDENTITE_AMBIGUE,0
BI1.F,NON_COUVERT_OU_IDENTITE_AMBIGUE,0
1TZ.F,NON_COUVERT_OU_IDENTITE_AMBIGUE,0
