ID_ligne,Ticker_titulaire,Societe_titulaire,Nb_challengers_valides,Statut,Decision_arbitrage
1,IDN,Intellicheck,0,AUCUN_CHALLENGER_VALIDE,NON_PRODUITE
2,INFU,InfuSystem,0,AUCUN_CHALLENGER_VALIDE,NON_PRODUITE
3,OSS,One Stop Systems,0,AUCUN_CHALLENGER_VALIDE,NON_PRODUITE
4,CXDO,Crexendo,0,AUCUN_CHALLENGER_VALIDE,NON_PRODUITE
5,LWAY,Lifeway Foods,0,AUCUN_CHALLENGER_VALIDE,NON_PRODUITE
6,AOM.L,ActiveOps,0,AUCUN_CHALLENGER_VALIDE,NON_PRODUITE
7,ALSTI.PA,STIF,0,AUCUN_CHALLENGER_VALIDE,NON_PRODUITE
8,MEMS.PA,MEMSCAP,0,AUCUN_CHALLENGER_VALIDE,NON_PRODUITE
9,FTG.TO,Firan Technology,0,AUCUN_CHALLENGER_VALIDE,NON_PRODUITE
10,ELVA.TO,Electrovaya,0,AUCUN_CHALLENGER_VALIDE,NON_PRODUITE
11,COV.V,Covalon Technologies,0,AUCUN_CHALLENGER_VALIDE,NON_PRODUITE
12,ROK.V,ROK Resources,0,AUCUN_CHALLENGER_VALIDE,NON_PRODUITE
13,MTEC.L,Made Tech Group,0,AUCUN_CHALLENGER_VALIDE,NON_PRODUITE
14,ZOMD.V,Zoomd Technologies,0,AUCUN_CHALLENGER_VALIDE,NON_PRODUITE
15,CEMX.TO,CEMATRIX,0,AUCUN_CHALLENGER_VALIDE,NON_PRODUITE
16,CTT.ST,CTT Systems,0,AUCUN_CHALLENGER_VALIDE,NON_PRODUITE
17,ALICA.PA,ICAPE Holding,0,AUCUN_CHALLENGER_VALIDE,NON_PRODUITE
18,PLEJD.ST,Plejd,0,AUCUN_CHALLENGER_VALIDE,NON_PRODUITE
19,SFT.L,Software Circle,0,AUCUN_CHALLENGER_VALIDE,NON_PRODUITE
20,TSTL.L,Tristel,0,AUCUN_CHALLENGER_VALIDE,NON_PRODUITE
21,GENI.ST,Generic Sweden,0,AUCUN_CHALLENGER_VALIDE,NON_PRODUITE
22,LST.L,Light Science Technologies,0,AUCUN_CHALLENGER_VALIDE,NON_PRODUITE
23,GROW.MI,Growens,0,AUCUN_CHALLENGER_VALIDE,NON_PRODUITE
24,HDD.L,Hardide,0,AUCUN_CHALLENGER_VALIDE,NON_PRODUITE
25,KLD.V,Kenorland Minerals,0,AUCUN_CHALLENGER_VALIDE,NON_PRODUITE
26,ALBFR.PA,Sidetrade,0,AUCUN_CHALLENGER_VALIDE,NON_PRODUITE
27,CER.L,Cerillion,0,AUCUN_CHALLENGER_VALIDE,NON_PRODUITE
28,TRT.L,Transense Technologies,0,AUCUN_CHALLENGER_VALIDE,NON_PRODUITE
29,PULS.L,Pulsar Group,0,AUCUN_CHALLENGER_VALIDE,NON_PRODUITE
30,HSP.L,Hargreaves Services,0,AUCUN_CHALLENGER_VALIDE,NON_PRODUITE
31,ALBPK.PA,Broadpeak,0,AUCUN_CHALLENGER_VALIDE,NON_PRODUITE
32,ALESE.PA,Entech,0,AUCUN_CHALLENGER_VALIDE,NON_PRODUITE
33,ALDMS.PA,Diagnostic Medical Systems,0,AUCUN_CHALLENGER_VALIDE,NON_PRODUITE
34,ALSTW.PA,StreamWIDE,0,AUCUN_CHALLENGER_VALIDE,NON_PRODUITE
35,ALSOG.PA,Sogeclair,0,AUCUN_CHALLENGER_VALIDE,NON_PRODUITE
36,ALMCE.PA,Mon Courtier Énergie Groupe,0,AUCUN_CHALLENGER_VALIDE,NON_PRODUITE
37,AL2SI.PA,2CRSi,0,AUCUN_CHALLENGER_VALIDE,NON_PRODUITE
38,ALLIX.PA,WALLIX,0,AUCUN_CHALLENGER_VALIDE,NON_PRODUITE
39,ALCUR.PA,Arcure,0,AUCUN_CHALLENGER_VALIDE,NON_PRODUITE
40,ALIEV.PA,IEVA,0,AUCUN_CHALLENGER_VALIDE,NON_PRODUITE
