Ticker,Accession,Statut,Transactions
0G93.F,0001104659-26-083505,TRANSACTIONS_A_VERIFIER,2
0G93.F,0001104659-26-038516,TRANSACTIONS_A_VERIFIER,1
0G93.F,0001104659-26-037750,TRANSACTIONS_A_VERIFIER,1
0G93.F,0001104659-26-035239,TRANSACTIONS_A_VERIFIER,1
0G93.F,0001104659-26-034544,TRANSACTIONS_A_VERIFIER,4
0FG.F,0001628280-26-064003,TRANSACTIONS_A_VERIFIER,3
0FG.F,0001628280-26-063722,TRANSACTIONS_A_VERIFIER,2
0FG.F,0001628280-26-063379,TRANSACTIONS_A_VERIFIER,2
0FG.F,0001628280-26-063099,TRANSACTIONS_A_VERIFIER,1
0FG.F,0001628280-26-062756,TRANSACTIONS_A_VERIFIER,1
0FG.F,0001628280-26-062485,TRANSACTIONS_A_VERIFIER,2
0FG.F,0001628280-26-062092,TRANSACTIONS_A_VERIFIER,2
0FG.F,0001628280-26-061551,TRANSACTIONS_A_VERIFIER,1
0FG.F,0001628280-26-060750,TRANSACTIONS_A_VERIFIER,1
0FG.F,0001628280-26-059909,TRANSACTIONS_A_VERIFIER,2
0FG.F,0001628280-26-059389,TRANSACTIONS_A_VERIFIER,2
0FG.F,0001628280-26-059085,TRANSACTIONS_A_VERIFIER,2
0FG.F,0001628280-26-058642,TRANSACTIONS_A_VERIFIER,1
0FG.F,0001628280-26-058415,TRANSACTIONS_A_VERIFIER,1
0FG.F,0001628280-26-058037,TRANSACTIONS_A_VERIFIER,1
0FG.F,0001628280-26-057654,TRANSACTIONS_A_VERIFIER,1
0FG.F,0001628280-26-057419,TRANSACTIONS_A_VERIFIER,1
0FG.F,0001628280-26-057405,TRANSACTIONS_A_VERIFIER,1
0FG.F,0001628280-26-036480,TRANSACTIONS_A_VERIFIER,1
0CG.F,0001234658-26-000008,TRANSACTIONS_A_VERIFIER,1
0CG.F,0001364954-26-000090,TRANSACTIONS_A_VERIFIER,1
0CG.F,0001364954-26-000079,TRANSACTIONS_A_VERIFIER,1
0CG.F,0001364954-26-000077,TRANSACTIONS_A_VERIFIER,1
0CG.F,0001364954-26-000075,TRANSACTIONS_A_VERIFIER,1
0CG.F,0001364954-26-000073,TRANSACTIONS_A_VERIFIER,1
0CG.F,0001364954-26-000071,TRANSACTIONS_A_VERIFIER,1
0CG.F,0001364954-26-000062,TRANSACTIONS_A_VERIFIER,1
0CG.F,0001364954-26-000060,TRANSACTIONS_A_VERIFIER,2
0CG.F,0001364954-26-000058,TRANSACTIONS_A_VERIFIER,1
0CG.F,0001364954-26-000056,TRANSACTIONS_A_VERIFIER,1
0CG.F,0001364954-26-000054,TRANSACTIONS_A_VERIFIER,1
0CG.F,0001364954-26-000028,TRANSACTIONS_A_VERIFIER,1
0CG.F,0001364954-26-000022,TRANSACTIONS_A_VERIFIER,1
0CG.F,0001364954-26-000017,TRANSACTIONS_A_VERIFIER,1
0CG.F,0001364954-26-000002,TRANSACTIONS_A_VERIFIER,2
0C9.F,0001193125-26-397196,TRANSACTIONS_A_VERIFIER,2
0C9.F,0001193125-26-276687,TRANSACTIONS_A_VERIFIER,2
0C9.F,0001193125-26-276674,TRANSACTIONS_A_VERIFIER,2
0O9.F,0001104659-26-029058,TRANSACTIONS_A_VERIFIER,2
0JW.F,0001674335-26-000111,TRANSACTIONS_A_VERIFIER,1
0JW.F,0001674335-26-000109,TRANSACTIONS_A_VERIFIER,1
0JW.F,0001674335-26-000107,TRANSACTIONS_A_VERIFIER,1
0JW.F,0001674335-26-000100,TRANSACTIONS_A_VERIFIER,1
0JW.F,0001674335-26-000098,TRANSACTIONS_A_VERIFIER,1
0JW.F,0001674335-26-000097,TRANSACTIONS_A_VERIFIER,1
0JW.F,0001674335-26-000096,TRANSACTIONS_A_VERIFIER,1
0JW.F,0001674335-26-000095,TRANSACTIONS_A_VERIFIER,1
0JW.F,0001674335-26-000094,TRANSACTIONS_A_VERIFIER,1
0JW.F,0001674335-26-000093,TRANSACTIONS_A_VERIFIER,1
0JW.F,0001674335-26-000092,TRANSACTIONS_A_VERIFIER,1
0JW.F,0001674335-26-000091,TRANSACTIONS_A_VERIFIER,1
0JW.F,0001674335-26-000090,TRANSACTIONS_A_VERIFIER,1
0JW.F,0001674335-26-000089,TRANSACTIONS_A_VERIFIER,1
0JW.F,0001674335-26-000088,TRANSACTIONS_A_VERIFIER,1
0JW.F,0001674335-26-000087,TRANSACTIONS_A_VERIFIER,1
0JW.F,0001674335-26-000086,TRANSACTIONS_A_VERIFIER,1
0JW.F,0001674335-26-000085,TRANSACTIONS_A_VERIFIER,1
0JW.F,0001449427-26-000002,TRANSACTIONS_A_VERIFIER,1
0JW.F,0001674335-26-000038,TRANSACTIONS_A_VERIFIER,1
0JW.F,0001674335-26-000036,TRANSACTIONS_A_VERIFIER,1
0LQ.F,0001927715-26-000010,TRANSACTIONS_A_VERIFIER,1
0LQ.F,0002127484-26-000018,TRANSACTIONS_A_VERIFIER,2
0LQ.F,0002127484-26-000016,TRANSACTIONS_A_VERIFIER,5
0LQ.F,0002122338-26-000007,TRANSACTIONS_A_VERIFIER,1
0LQ.F,0002127484-26-000015,TRANSACTIONS_A_VERIFIER,2
0LQ.F,0002122342-26-000007,TRANSACTIONS_A_VERIFIER,1
0LQ.F,0002127484-26-000014,TRANSACTIONS_A_VERIFIER,2
0LQ.F,0002122342-26-000006,TRANSACTIONS_A_VERIFIER,1
0LQ.F,0002122342-26-000005,TRANSACTIONS_A_VERIFIER,1
0LQ.F,0002122338-26-000005,TRANSACTIONS_A_VERIFIER,1
0LQ.F,0002127484-26-000012,TRANSACTIONS_A_VERIFIER,2
0LQ.F,0002127484-26-000010,TRANSACTIONS_A_VERIFIER,1
0LQ.F,0002127484-26-000009,TRANSACTIONS_A_VERIFIER,2
0LQ.F,0002127484-26-000006,TRANSACTIONS_A_VERIFIER,2
0LQ.F,0002127484-26-000003,TRANSACTIONS_A_VERIFIER,2
0GV.F,0001493152-26-043697,TRANSACTIONS_A_VERIFIER,1
0GV.F,0001493152-26-041624,TRANSACTIONS_A_VERIFIER,1
0GV.F,0001493152-26-040281,TRANSACTIONS_A_VERIFIER,1
0GV.F,0001493152-26-036923,TRANSACTIONS_A_VERIFIER,1
0GV.F,0001493152-26-030130,TRANSACTIONS_A_VERIFIER,1
0GV.F,0001493152-26-028970,TRANSACTIONS_A_VERIFIER,2
0GV.F,0001493152-26-028968,TRANSACTIONS_A_VERIFIER,2
0GV.F,0001493152-26-028556,TRANSACTIONS_A_VERIFIER,1
0GV.F,0001493152-26-028554,TRANSACTIONS_A_VERIFIER,1
0GV.F,0001493152-26-028552,TRANSACTIONS_A_VERIFIER,1
0GV.F,0001493152-26-028550,TRANSACTIONS_A_VERIFIER,1
0GV.F,0001493152-26-028548,TRANSACTIONS_A_VERIFIER,1
0GV.F,0001493152-26-019819,TRANSACTIONS_A_VERIFIER,1
0GV.F,0001493152-26-018557,TRANSACTIONS_A_VERIFIER,2
