Ticker,Societe,CIK,Bloc_SSI_cible,Formulaire,Date_depot,Accession,URL_archive_officielle,Statut_identite,Statut_contenu,Participation_dirigeants_pct,Variation_titres,Note_SSI_attribuee
0AD.F,Anfield Energy Inc.           R,0001519469,B5,40-F,2026-03-31,0001493152-26-014375,https://www.sec.gov/Archives/edgar/data/1519469/000149315226014375/,NON_VERIFIEE,A_LIRE,MANQUANTE,MANQUANTE,NON
0G93.F,Globus Maritime Ltd.          R,0001499780,B4,4,2026-07-14,0001104659-26-083505,https://www.sec.gov/Archives/edgar/data/1499780/000110465926083505/,NON_VERIFIEE,A_LIRE,MANQUANTE,MANQUANTE,NON
0G93.F,Globus Maritime Ltd.          R,0001499780,B4,4,2026-04-01,0001104659-26-038516,https://www.sec.gov/Archives/edgar/data/1499780/000110465926038516/,NON_VERIFIEE,A_LIRE,MANQUANTE,MANQUANTE,NON
0G93.F,Globus Maritime Ltd.          R,0001499780,B4,4,2026-03-31,0001104659-26-037750,https://www.sec.gov/Archives/edgar/data/1499780/000110465926037750/,NON_VERIFIEE,A_LIRE,MANQUANTE,MANQUANTE,NON
0G93.F,Globus Maritime Ltd.          R,0001499780,B4,4,2026-03-26,0001104659-26-035239,https://www.sec.gov/Archives/edgar/data/1499780/000110465926035239/,NON_VERIFIEE,A_LIRE,MANQUANTE,MANQUANTE,NON
0G93.F,Globus Maritime Ltd.          R,0001499780,B4,4,2026-03-25,0001104659-26-034544,https://www.sec.gov/Archives/edgar/data/1499780/000110465926034544/,NON_VERIFIEE,A_LIRE,MANQUANTE,MANQUANTE,NON
0G93.F,Globus Maritime Ltd.          R,0001499780,B4,3,2026-03-18,0001104659-26-030043,https://www.sec.gov/Archives/edgar/data/1499780/000110465926030043/,NON_VERIFIEE,A_LIRE,MANQUANTE,MANQUANTE,NON
0G93.F,Globus Maritime Ltd.          R,0001499780,B4,3,2026-03-18,0001104659-26-030040,https://www.sec.gov/Archives/edgar/data/1499780/000110465926030040/,NON_VERIFIEE,A_LIRE,MANQUANTE,MANQUANTE,NON
0G93.F,Globus Maritime Ltd.          R,0001499780,B4,3,2026-03-18,0001104659-26-030031,https://www.sec.gov/Archives/edgar/data/1499780/000110465926030031/,NON_VERIFIEE,A_LIRE,MANQUANTE,MANQUANTE,NON
0G93.F,Globus Maritime Ltd.          R,0001499780,B4,3,2026-03-18,0001104659-26-030001,https://www.sec.gov/Archives/edgar/data/1499780/000110465926030001/,NON_VERIFIEE,A_LIRE,MANQUANTE,MANQUANTE,NON
0G93.F,Globus Maritime Ltd.          R,0001499780,B4,3,2026-03-18,0001104659-26-029989,https://www.sec.gov/Archives/edgar/data/1499780/000110465926029989/,NON_VERIFIEE,A_LIRE,MANQUANTE,MANQUANTE,NON
0G93.F,Globus Maritime Ltd.          R,0001499780,B5,20-F,2026-03-16,0001104659-26-028476,https://www.sec.gov/Archives/edgar/data/1499780/000110465926028476/,NON_VERIFIEE,A_LIRE,MANQUANTE,MANQUANTE,NON
0G93.F,Globus Maritime Ltd.          R,0001499780,B5,20-F,2025-03-14,0001104659-25-023948,https://www.sec.gov/Archives/edgar/data/1499780/000110465925023948/,NON_VERIFIEE,A_LIRE,MANQUANTE,MANQUANTE,NON
0FG.F,Advanced Flower Capital Inc.  R,0001822523,B4,4,2026-09-30,0001628280-26-064003,https://www.sec.gov/Archives/edgar/data/1822523/000162828026064003/,NON_VERIFIEE,A_LIRE,MANQUANTE,MANQUANTE,NON
0FG.F,Advanced Flower Capital Inc.  R,0001822523,B4,4,2026-09-28,0001628280-26-063722,https://www.sec.gov/Archives/edgar/data/1822523/000162828026063722/,NON_VERIFIEE,A_LIRE,MANQUANTE,MANQUANTE,NON
0FG.F,Advanced Flower Capital Inc.  R,0001822523,B4,4,2026-09-24,0001628280-26-063379,https://www.sec.gov/Archives/edgar/data/1822523/000162828026063379/,NON_VERIFIEE,A_LIRE,MANQUANTE,MANQUANTE,NON
0FG.F,Advanced Flower Capital Inc.  R,0001822523,B4,4,2026-09-22,0001628280-26-063099,https://www.sec.gov/Archives/edgar/data/1822523/000162828026063099/,NON_VERIFIEE,A_LIRE,MANQUANTE,MANQUANTE,NON
0FG.F,Advanced Flower Capital Inc.  R,0001822523,B4,4,2026-09-18,0001628280-26-062756,https://www.sec.gov/Archives/edgar/data/1822523/000162828026062756/,NON_VERIFIEE,A_LIRE,MANQUANTE,MANQUANTE,NON
0FG.F,Advanced Flower Capital Inc.  R,0001822523,B4,4,2026-09-17,0001628280-26-062485,https://www.sec.gov/Archives/edgar/data/1822523/000162828026062485/,NON_VERIFIEE,A_LIRE,MANQUANTE,MANQUANTE,NON
0FG.F,Advanced Flower Capital Inc.  R,0001822523,B4,4,2026-09-15,0001628280-26-062092,https://www.sec.gov/Archives/edgar/data/1822523/000162828026062092/,NON_VERIFIEE,A_LIRE,MANQUANTE,MANQUANTE,NON
0FG.F,Advanced Flower Capital Inc.  R,0001822523,B4,4,2026-09-11,0001628280-26-061551,https://www.sec.gov/Archives/edgar/data/1822523/000162828026061551/,NON_VERIFIEE,A_LIRE,MANQUANTE,MANQUANTE,NON
0FG.F,Advanced Flower Capital Inc.  R,0001822523,B4,4,2026-09-04,0001628280-26-060750,https://www.sec.gov/Archives/edgar/data/1822523/000162828026060750/,NON_VERIFIEE,A_LIRE,MANQUANTE,MANQUANTE,NON
0FG.F,Advanced Flower Capital Inc.  R,0001822523,B4,4,2026-09-01,0001628280-26-059909,https://www.sec.gov/Archives/edgar/data/1822523/000162828026059909/,NON_VERIFIEE,A_LIRE,MANQUANTE,MANQUANTE,NON
0FG.F,Advanced Flower Capital Inc.  R,0001822523,B4,4,2026-08-28,0001628280-26-059389,https://www.sec.gov/Archives/edgar/data/1822523/000162828026059389/,NON_VERIFIEE,A_LIRE,MANQUANTE,MANQUANTE,NON
0FG.F,Advanced Flower Capital Inc.  R,0001822523,B4,4,2026-08-26,0001628280-26-059085,https://www.sec.gov/Archives/edgar/data/1822523/000162828026059085/,NON_VERIFIEE,A_LIRE,MANQUANTE,MANQUANTE,NON
0FG.F,Advanced Flower Capital Inc.  R,0001822523,B4,4,2026-08-24,0001628280-26-058642,https://www.sec.gov/Archives/edgar/data/1822523/000162828026058642/,NON_VERIFIEE,A_LIRE,MANQUANTE,MANQUANTE,NON
0FG.F,Advanced Flower Capital Inc.  R,0001822523,B4,4,2026-08-21,0001628280-26-058415,https://www.sec.gov/Archives/edgar/data/1822523/000162828026058415/,NON_VERIFIEE,A_LIRE,MANQUANTE,MANQUANTE,NON
0FG.F,Advanced Flower Capital Inc.  R,0001822523,B4,4,2026-08-19,0001628280-26-058037,https://www.sec.gov/Archives/edgar/data/1822523/000162828026058037/,NON_VERIFIEE,A_LIRE,MANQUANTE,MANQUANTE,NON
0FG.F,Advanced Flower Capital Inc.  R,0001822523,B4,4,2026-08-18,0001628280-26-057654,https://www.sec.gov/Archives/edgar/data/1822523/000162828026057654/,NON_VERIFIEE,A_LIRE,MANQUANTE,MANQUANTE,NON
0FG.F,Advanced Flower Capital Inc.  R,0001822523,B4,4,2026-08-17,0001628280-26-057419,https://www.sec.gov/Archives/edgar/data/1822523/000162828026057419/,NON_VERIFIEE,A_LIRE,MANQUANTE,MANQUANTE,NON
0FG.F,Advanced Flower Capital Inc.  R,0001822523,B4,4,2026-08-17,0001628280-26-057405,https://www.sec.gov/Archives/edgar/data/1822523/000162828026057405/,NON_VERIFIEE,A_LIRE,MANQUANTE,MANQUANTE,NON
0FG.F,Advanced Flower Capital Inc.  R,0001822523,B4,4,2026-05-19,0001628280-26-036480,https://www.sec.gov/Archives/edgar/data/1822523/000162828026036480/,NON_VERIFIEE,A_LIRE,MANQUANTE,MANQUANTE,NON
0FG.F,Advanced Flower Capital Inc.  R,0001822523,B4_B5,DEF 14A,2026-04-17,0001140361-26-015204,https://www.sec.gov/Archives/edgar/data/1822523/000114036126015204/,NON_VERIFIEE,A_LIRE,MANQUANTE,MANQUANTE,NON
0CG.F,Chegg Inc.                    R,0001364954,B4,4,2026-09-15,0001234658-26-000008,https://www.sec.gov/Archives/edgar/data/1364954/000123465826000008/,NON_VERIFIEE,A_LIRE,MANQUANTE,MANQUANTE,NON
0CG.F,Chegg Inc.                    R,0001364954,B4,4,2026-08-14,0001364954-26-000090,https://www.sec.gov/Archives/edgar/data/1364954/000136495426000090/,NON_VERIFIEE,A_LIRE,MANQUANTE,MANQUANTE,NON
0CG.F,Chegg Inc.                    R,0001364954,B4,4,2026-07-13,0001364954-26-000079,https://www.sec.gov/Archives/edgar/data/1364954/000136495426000079/,NON_VERIFIEE,A_LIRE,MANQUANTE,MANQUANTE,NON
0CG.F,Chegg Inc.                    R,0001364954,B4,4,2026-06-22,0001364954-26-000077,https://www.sec.gov/Archives/edgar/data/1364954/000136495426000077/,NON_VERIFIEE,A_LIRE,MANQUANTE,MANQUANTE,NON
0CG.F,Chegg Inc.                    R,0001364954,B4,4,2026-06-22,0001364954-26-000075,https://www.sec.gov/Archives/edgar/data/1364954/000136495426000075/,NON_VERIFIEE,A_LIRE,MANQUANTE,MANQUANTE,NON
0CG.F,Chegg Inc.                    R,0001364954,B4,4,2026-06-22,0001364954-26-000073,https://www.sec.gov/Archives/edgar/data/1364954/000136495426000073/,NON_VERIFIEE,A_LIRE,MANQUANTE,MANQUANTE,NON
0CG.F,Chegg Inc.                    R,0001364954,B4,4,2026-06-22,0001364954-26-000071,https://www.sec.gov/Archives/edgar/data/1364954/000136495426000071/,NON_VERIFIEE,A_LIRE,MANQUANTE,MANQUANTE,NON
0CG.F,Chegg Inc.                    R,0001364954,B4,4,2026-06-15,0001364954-26-000062,https://www.sec.gov/Archives/edgar/data/1364954/000136495426000062/,NON_VERIFIEE,A_LIRE,MANQUANTE,MANQUANTE,NON
0CG.F,Chegg Inc.                    R,0001364954,B4,4,2026-06-15,0001364954-26-000060,https://www.sec.gov/Archives/edgar/data/1364954/000136495426000060/,NON_VERIFIEE,A_LIRE,MANQUANTE,MANQUANTE,NON
0CG.F,Chegg Inc.                    R,0001364954,B4,4,2026-06-15,0001364954-26-000058,https://www.sec.gov/Archives/edgar/data/1364954/000136495426000058/,NON_VERIFIEE,A_LIRE,MANQUANTE,MANQUANTE,NON
0CG.F,Chegg Inc.                    R,0001364954,B4,4,2026-06-15,0001364954-26-000056,https://www.sec.gov/Archives/edgar/data/1364954/000136495426000056/,NON_VERIFIEE,A_LIRE,MANQUANTE,MANQUANTE,NON
0CG.F,Chegg Inc.                    R,0001364954,B4,4,2026-06-15,0001364954-26-000054,https://www.sec.gov/Archives/edgar/data/1364954/000136495426000054/,NON_VERIFIEE,A_LIRE,MANQUANTE,MANQUANTE,NON
0CG.F,Chegg Inc.                    R,0001364954,B4_B5,DEF 14A,2026-04-28,0001364954-26-000040,https://www.sec.gov/Archives/edgar/data/1364954/000136495426000040/,NON_VERIFIEE,A_LIRE,MANQUANTE,MANQUANTE,NON
0CG.F,Chegg Inc.                    R,0001364954,B4,4,2026-04-14,0001364954-26-000028,https://www.sec.gov/Archives/edgar/data/1364954/000136495426000028/,NON_VERIFIEE,A_LIRE,MANQUANTE,MANQUANTE,NON
0CG.F,Chegg Inc.                    R,0001364954,B4,4,2026-03-13,0001364954-26-000022,https://www.sec.gov/Archives/edgar/data/1364954/000136495426000022/,NON_VERIFIEE,A_LIRE,MANQUANTE,MANQUANTE,NON
0CG.F,Chegg Inc.                    R,0001364954,B5,10-K,2026-03-09,0001364954-26-000021,https://www.sec.gov/Archives/edgar/data/1364954/000136495426000021/,NON_VERIFIEE,A_LIRE,MANQUANTE,MANQUANTE,NON
0CG.F,Chegg Inc.                    R,0001364954,B4,4,2026-02-18,0001364954-26-000017,https://www.sec.gov/Archives/edgar/data/1364954/000136495426000017/,NON_VERIFIEE,A_LIRE,MANQUANTE,MANQUANTE,NON
0CG.F,Chegg Inc.                    R,0001364954,B4,4,2026-01-15,0001364954-26-000002,https://www.sec.gov/Archives/edgar/data/1364954/000136495426000002/,NON_VERIFIEE,A_LIRE,MANQUANTE,MANQUANTE,NON
0C9.F,Cheetah Mobile Inc.           R,0001597835,B4,4,2026-09-22,0001193125-26-397196,https://www.sec.gov/Archives/edgar/data/1597835/000119312526397196/,NON_VERIFIEE,A_LIRE,MANQUANTE,MANQUANTE,NON
0C9.F,Cheetah Mobile Inc.           R,0001597835,B4,4,2026-06-22,0001193125-26-276687,https://www.sec.gov/Archives/edgar/data/1597835/000119312526276687/,NON_VERIFIEE,A_LIRE,MANQUANTE,MANQUANTE,NON
0C9.F,Cheetah Mobile Inc.           R,0001597835,B4,4,2026-06-22,0001193125-26-276674,https://www.sec.gov/Archives/edgar/data/1597835/000119312526276674/,NON_VERIFIEE,A_LIRE,MANQUANTE,MANQUANTE,NON
0C9.F,Cheetah Mobile Inc.           R,0001597835,B5,20-F,2026-04-23,0001193125-26-171821,https://www.sec.gov/Archives/edgar/data/1597835/000119312526171821/,NON_VERIFIEE,A_LIRE,MANQUANTE,MANQUANTE,NON
0C9.F,Cheetah Mobile Inc.           R,0001597835,B4,3,2026-03-27,0001193125-26-127570,https://www.sec.gov/Archives/edgar/data/1597835/000119312526127570/,NON_VERIFIEE,A_LIRE,MANQUANTE,MANQUANTE,NON
0C9.F,Cheetah Mobile Inc.           R,0001597835,B4,3,2026-03-18,0001193125-26-114886,https://www.sec.gov/Archives/edgar/data/1597835/000119312526114886/,NON_VERIFIEE,A_LIRE,MANQUANTE,MANQUANTE,NON
0C9.F,Cheetah Mobile Inc.           R,0001597835,B4,3,2026-03-18,0001193125-26-113383,https://www.sec.gov/Archives/edgar/data/1597835/000119312526113383/,NON_VERIFIEE,A_LIRE,MANQUANTE,MANQUANTE,NON
0C9.F,Cheetah Mobile Inc.           R,0001597835,B4,3,2026-03-18,0001193125-26-113152,https://www.sec.gov/Archives/edgar/data/1597835/000119312526113152/,NON_VERIFIEE,A_LIRE,MANQUANTE,MANQUANTE,NON
0C9.F,Cheetah Mobile Inc.           R,0001597835,B4,3,2026-03-18,0001193125-26-113150,https://www.sec.gov/Archives/edgar/data/1597835/000119312526113150/,NON_VERIFIEE,A_LIRE,MANQUANTE,MANQUANTE,NON
0C9.F,Cheetah Mobile Inc.           R,0001597835,B4,3,2026-03-18,0001193125-26-113144,https://www.sec.gov/Archives/edgar/data/1597835/000119312526113144/,NON_VERIFIEE,A_LIRE,MANQUANTE,MANQUANTE,NON
0C9.F,Cheetah Mobile Inc.           R,0001597835,B4,3,2026-03-18,0001193125-26-113141,https://www.sec.gov/Archives/edgar/data/1597835/000119312526113141/,NON_VERIFIEE,A_LIRE,MANQUANTE,MANQUANTE,NON
0C9.F,Cheetah Mobile Inc.           R,0001597835,B5,20-F,2025-04-15,0000950170-25-053935,https://www.sec.gov/Archives/edgar/data/1597835/000095017025053935/,NON_VERIFIEE,A_LIRE,MANQUANTE,MANQUANTE,NON
0C9.F,Cheetah Mobile Inc.           R,0001597835,B5,20-F,2024-04-18,0000950170-24-045305,https://www.sec.gov/Archives/edgar/data/1597835/000095017024045305/,NON_VERIFIEE,A_LIRE,MANQUANTE,MANQUANTE,NON
0O9.F,Niu Technologies              R,0001744781,B5,20-F,2026-04-17,0001104659-26-044568,https://www.sec.gov/Archives/edgar/data/1744781/000110465926044568/,NON_VERIFIEE,A_LIRE,MANQUANTE,MANQUANTE,NON
0O9.F,Niu Technologies              R,0001744781,B4,4,2026-03-17,0001104659-26-029058,https://www.sec.gov/Archives/edgar/data/1744781/000110465926029058/,NON_VERIFIEE,A_LIRE,MANQUANTE,MANQUANTE,NON
0O9.F,Niu Technologies              R,0001744781,B4,3,2026-03-06,0001104659-26-024416,https://www.sec.gov/Archives/edgar/data/1744781/000110465926024416/,NON_VERIFIEE,A_LIRE,MANQUANTE,MANQUANTE,NON
0O9.F,Niu Technologies              R,0001744781,B4,3,2026-03-06,0001104659-26-024410,https://www.sec.gov/Archives/edgar/data/1744781/000110465926024410/,NON_VERIFIEE,A_LIRE,MANQUANTE,MANQUANTE,NON
0O9.F,Niu Technologies              R,0001744781,B4,3,2026-03-04,0001104659-26-023212,https://www.sec.gov/Archives/edgar/data/1744781/000110465926023212/,NON_VERIFIEE,A_LIRE,MANQUANTE,MANQUANTE,NON
0O9.F,Niu Technologies              R,0001744781,B4,3,2026-03-04,0001104659-26-023211,https://www.sec.gov/Archives/edgar/data/1744781/000110465926023211/,NON_VERIFIEE,A_LIRE,MANQUANTE,MANQUANTE,NON
0O9.F,Niu Technologies              R,0001744781,B4,3,2026-03-04,0001104659-26-023206,https://www.sec.gov/Archives/edgar/data/1744781/000110465926023206/,NON_VERIFIEE,A_LIRE,MANQUANTE,MANQUANTE,NON
0O9.F,Niu Technologies              R,0001744781,B5,20-F,2025-04-18,0001410578-25-000798,https://www.sec.gov/Archives/edgar/data/1744781/000141057825000798/,NON_VERIFIEE,A_LIRE,MANQUANTE,MANQUANTE,NON
0O9.F,Niu Technologies              R,0001744781,B5,20-F,2024-04-24,0001104659-24-050776,https://www.sec.gov/Archives/edgar/data/1744781/000110465924050776/,NON_VERIFIEE,A_LIRE,MANQUANTE,MANQUANTE,NON
0JW.F,Jeld-Wen Holding Inc.         R,0001674335,B4,4,2026-07-28,0001674335-26-000111,https://www.sec.gov/Archives/edgar/data/1674335/000167433526000111/,NON_VERIFIEE,A_LIRE,MANQUANTE,MANQUANTE,NON
0JW.F,Jeld-Wen Holding Inc.         R,0001674335,B4,4,2026-07-06,0001674335-26-000109,https://www.sec.gov/Archives/edgar/data/1674335/000167433526000109/,NON_VERIFIEE,A_LIRE,MANQUANTE,MANQUANTE,NON
0JW.F,Jeld-Wen Holding Inc.         R,0001674335,B4,4,2026-06-29,0001674335-26-000107,https://www.sec.gov/Archives/edgar/data/1674335/000167433526000107/,NON_VERIFIEE,A_LIRE,MANQUANTE,MANQUANTE,NON
0JW.F,Jeld-Wen Holding Inc.         R,0001674335,B4,3,2026-06-09,0001674335-26-000105,https://www.sec.gov/Archives/edgar/data/1674335/000167433526000105/,NON_VERIFIEE,A_LIRE,MANQUANTE,MANQUANTE,NON
0JW.F,Jeld-Wen Holding Inc.         R,0001674335,B4,4,2026-05-13,0001674335-26-000100,https://www.sec.gov/Archives/edgar/data/1674335/000167433526000100/,NON_VERIFIEE,A_LIRE,MANQUANTE,MANQUANTE,NON
0JW.F,Jeld-Wen Holding Inc.         R,0001674335,B4,4,2026-05-13,0001674335-26-000098,https://www.sec.gov/Archives/edgar/data/1674335/000167433526000098/,NON_VERIFIEE,A_LIRE,MANQUANTE,MANQUANTE,NON
0JW.F,Jeld-Wen Holding Inc.         R,0001674335,B4,4,2026-05-13,0001674335-26-000097,https://www.sec.gov/Archives/edgar/data/1674335/000167433526000097/,NON_VERIFIEE,A_LIRE,MANQUANTE,MANQUANTE,NON
0JW.F,Jeld-Wen Holding Inc.         R,0001674335,B4,4,2026-05-13,0001674335-26-000096,https://www.sec.gov/Archives/edgar/data/1674335/000167433526000096/,NON_VERIFIEE,A_LIRE,MANQUANTE,MANQUANTE,NON
0JW.F,Jeld-Wen Holding Inc.         R,0001674335,B4,4,2026-05-13,0001674335-26-000095,https://www.sec.gov/Archives/edgar/data/1674335/000167433526000095/,NON_VERIFIEE,A_LIRE,MANQUANTE,MANQUANTE,NON
0JW.F,Jeld-Wen Holding Inc.         R,0001674335,B4,4,2026-05-13,0001674335-26-000094,https://www.sec.gov/Archives/edgar/data/1674335/000167433526000094/,NON_VERIFIEE,A_LIRE,MANQUANTE,MANQUANTE,NON
0JW.F,Jeld-Wen Holding Inc.         R,0001674335,B4,4,2026-05-13,0001674335-26-000093,https://www.sec.gov/Archives/edgar/data/1674335/000167433526000093/,NON_VERIFIEE,A_LIRE,MANQUANTE,MANQUANTE,NON
0JW.F,Jeld-Wen Holding Inc.         R,0001674335,B4,4,2026-05-13,0001674335-26-000092,https://www.sec.gov/Archives/edgar/data/1674335/000167433526000092/,NON_VERIFIEE,A_LIRE,MANQUANTE,MANQUANTE,NON
0JW.F,Jeld-Wen Holding Inc.         R,0001674335,B4,4,2026-05-13,0001674335-26-000091,https://www.sec.gov/Archives/edgar/data/1674335/000167433526000091/,NON_VERIFIEE,A_LIRE,MANQUANTE,MANQUANTE,NON
0JW.F,Jeld-Wen Holding Inc.         R,0001674335,B4,4,2026-05-13,0001674335-26-000090,https://www.sec.gov/Archives/edgar/data/1674335/000167433526000090/,NON_VERIFIEE,A_LIRE,MANQUANTE,MANQUANTE,NON
0JW.F,Jeld-Wen Holding Inc.         R,0001674335,B4,4,2026-05-13,0001674335-26-000089,https://www.sec.gov/Archives/edgar/data/1674335/000167433526000089/,NON_VERIFIEE,A_LIRE,MANQUANTE,MANQUANTE,NON
0JW.F,Jeld-Wen Holding Inc.         R,0001674335,B4,4,2026-05-13,0001674335-26-000088,https://www.sec.gov/Archives/edgar/data/1674335/000167433526000088/,NON_VERIFIEE,A_LIRE,MANQUANTE,MANQUANTE,NON
0JW.F,Jeld-Wen Holding Inc.         R,0001674335,B4,4,2026-05-13,0001674335-26-000087,https://www.sec.gov/Archives/edgar/data/1674335/000167433526000087/,NON_VERIFIEE,A_LIRE,MANQUANTE,MANQUANTE,NON
0JW.F,Jeld-Wen Holding Inc.         R,0001674335,B4,4,2026-05-13,0001674335-26-000086,https://www.sec.gov/Archives/edgar/data/1674335/000167433526000086/,NON_VERIFIEE,A_LIRE,MANQUANTE,MANQUANTE,NON
0JW.F,Jeld-Wen Holding Inc.         R,0001674335,B4,4,2026-05-13,0001674335-26-000085,https://www.sec.gov/Archives/edgar/data/1674335/000167433526000085/,NON_VERIFIEE,A_LIRE,MANQUANTE,MANQUANTE,NON
0JW.F,Jeld-Wen Holding Inc.         R,0001674335,B4,4,2026-05-12,0001449427-26-000002,https://www.sec.gov/Archives/edgar/data/1674335/000144942726000002/,NON_VERIFIEE,A_LIRE,MANQUANTE,MANQUANTE,NON
0JW.F,Jeld-Wen Holding Inc.         R,0001674335,B4_B5,DEF 14A,2026-03-12,0001674335-26-000050,https://www.sec.gov/Archives/edgar/data/1674335/000167433526000050/,NON_VERIFIEE,A_LIRE,MANQUANTE,MANQUANTE,NON
0JW.F,Jeld-Wen Holding Inc.         R,0001674335,B5,10-K,2026-02-23,0001674335-26-000043,https://www.sec.gov/Archives/edgar/data/1674335/000167433526000043/,NON_VERIFIEE,A_LIRE,MANQUANTE,MANQUANTE,NON
0JW.F,Jeld-Wen Holding Inc.         R,0001674335,B4,4,2026-02-17,0001674335-26-000038,https://www.sec.gov/Archives/edgar/data/1674335/000167433526000038/,NON_VERIFIEE,A_LIRE,MANQUANTE,MANQUANTE,NON
0JW.F,Jeld-Wen Holding Inc.         R,0001674335,B4,4,2026-02-17,0001674335-26-000036,https://www.sec.gov/Archives/edgar/data/1674335/000167433526000036/,NON_VERIFIEE,A_LIRE,MANQUANTE,MANQUANTE,NON
0LQ.F,EuroDry Ltd.                  R,0001731388,B4,4,2026-10-05,0001927715-26-000010,https://www.sec.gov/Archives/edgar/data/1731388/000192771526000010/,NON_VERIFIEE,A_LIRE,MANQUANTE,MANQUANTE,NON
0LQ.F,EuroDry Ltd.                  R,0001731388,B4,4,2026-09-25,0002127484-26-000018,https://www.sec.gov/Archives/edgar/data/1731388/000212748426000018/,NON_VERIFIEE,A_LIRE,MANQUANTE,MANQUANTE,NON
0LQ.F,EuroDry Ltd.                  R,0001731388,B4,4,2026-08-27,0002127484-26-000016,https://www.sec.gov/Archives/edgar/data/1731388/000212748426000016/,NON_VERIFIEE,A_LIRE,MANQUANTE,MANQUANTE,NON
0LQ.F,EuroDry Ltd.                  R,0001731388,B4,4,2026-08-26,0002122338-26-000007,https://www.sec.gov/Archives/edgar/data/1731388/000212233826000007/,NON_VERIFIEE,A_LIRE,MANQUANTE,MANQUANTE,NON
0LQ.F,EuroDry Ltd.                  R,0001731388,B4,4,2026-08-25,0002127484-26-000015,https://www.sec.gov/Archives/edgar/data/1731388/000212748426000015/,NON_VERIFIEE,A_LIRE,MANQUANTE,MANQUANTE,NON
0LQ.F,EuroDry Ltd.                  R,0001731388,B4,4,2026-08-24,0002122342-26-000007,https://www.sec.gov/Archives/edgar/data/1731388/000212234226000007/,NON_VERIFIEE,A_LIRE,MANQUANTE,MANQUANTE,NON
0LQ.F,EuroDry Ltd.                  R,0001731388,B4,4,2026-08-19,0002127484-26-000014,https://www.sec.gov/Archives/edgar/data/1731388/000212748426000014/,NON_VERIFIEE,A_LIRE,MANQUANTE,MANQUANTE,NON
0LQ.F,EuroDry Ltd.                  R,0001731388,B4,4,2026-08-19,0002122342-26-000006,https://www.sec.gov/Archives/edgar/data/1731388/000212234226000006/,NON_VERIFIEE,A_LIRE,MANQUANTE,MANQUANTE,NON
0LQ.F,EuroDry Ltd.                  R,0001731388,B4,4,2026-08-13,0002122342-26-000005,https://www.sec.gov/Archives/edgar/data/1731388/000212234226000005/,NON_VERIFIEE,A_LIRE,MANQUANTE,MANQUANTE,NON
0LQ.F,EuroDry Ltd.                  R,0001731388,B4,4,2026-08-12,0002122338-26-000005,https://www.sec.gov/Archives/edgar/data/1731388/000212233826000005/,NON_VERIFIEE,A_LIRE,MANQUANTE,MANQUANTE,NON
0LQ.F,EuroDry Ltd.                  R,0001731388,B4,4,2026-08-12,0002127484-26-000012,https://www.sec.gov/Archives/edgar/data/1731388/000212748426000012/,NON_VERIFIEE,A_LIRE,MANQUANTE,MANQUANTE,NON
0LQ.F,EuroDry Ltd.                  R,0001731388,B4,4,2026-07-15,0002127484-26-000010,https://www.sec.gov/Archives/edgar/data/1731388/000212748426000010/,NON_VERIFIEE,A_LIRE,MANQUANTE,MANQUANTE,NON
0LQ.F,EuroDry Ltd.                  R,0001731388,B4,4,2026-06-23,0002127484-26-000009,https://www.sec.gov/Archives/edgar/data/1731388/000212748426000009/,NON_VERIFIEE,A_LIRE,MANQUANTE,MANQUANTE,NON
0LQ.F,EuroDry Ltd.                  R,0001731388,B5,20-F,2026-04-28,0001171843-26-002768,https://www.sec.gov/Archives/edgar/data/1731388/000117184326002768/,NON_VERIFIEE,A_LIRE,MANQUANTE,MANQUANTE,NON
0LQ.F,EuroDry Ltd.                  R,0001731388,B4,4,2026-04-15,0002127484-26-000006,https://www.sec.gov/Archives/edgar/data/1731388/000212748426000006/,NON_VERIFIEE,A_LIRE,MANQUANTE,MANQUANTE,NON
0LQ.F,EuroDry Ltd.                  R,0001731388,B4,4,2026-04-09,0002127484-26-000003,https://www.sec.gov/Archives/edgar/data/1731388/000212748426000003/,NON_VERIFIEE,A_LIRE,MANQUANTE,MANQUANTE,NON
0LQ.F,EuroDry Ltd.                  R,0001731388,B4,3,2026-04-07,0002127484-26-000002,https://www.sec.gov/Archives/edgar/data/1731388/000212748426000002/,NON_VERIFIEE,A_LIRE,MANQUANTE,MANQUANTE,NON
0LQ.F,EuroDry Ltd.                  R,0001731388,B4,3,2026-04-07,0002127406-26-000005,https://www.sec.gov/Archives/edgar/data/1731388/000212740626000005/,NON_VERIFIEE,A_LIRE,MANQUANTE,MANQUANTE,NON
0LQ.F,EuroDry Ltd.                  R,0001731388,B4,3,2026-03-18,0002122342-26-000002,https://www.sec.gov/Archives/edgar/data/1731388/000212234226000002/,NON_VERIFIEE,A_LIRE,MANQUANTE,MANQUANTE,NON
0LQ.F,EuroDry Ltd.                  R,0001731388,B4,3,2026-03-18,0002122338-26-000002,https://www.sec.gov/Archives/edgar/data/1731388/000212233826000002/,NON_VERIFIEE,A_LIRE,MANQUANTE,MANQUANTE,NON
0LQ.F,EuroDry Ltd.                  R,0001731388,B4,3,2026-03-18,0002122308-26-000002,https://www.sec.gov/Archives/edgar/data/1731388/000212230826000002/,NON_VERIFIEE,A_LIRE,MANQUANTE,MANQUANTE,NON
0LQ.F,EuroDry Ltd.                  R,0001731388,B4,3,2026-03-18,0002122085-26-000002,https://www.sec.gov/Archives/edgar/data/1731388/000212208526000002/,NON_VERIFIEE,A_LIRE,MANQUANTE,MANQUANTE,NON
0LQ.F,EuroDry Ltd.                  R,0001731388,B4,3,2026-03-18,0002121849-26-000003,https://www.sec.gov/Archives/edgar/data/1731388/000212184926000003/,NON_VERIFIEE,A_LIRE,MANQUANTE,MANQUANTE,NON
0LQ.F,EuroDry Ltd.                  R,0001731388,B4,3,2026-03-17,0001927715-26-000005,https://www.sec.gov/Archives/edgar/data/1731388/000192771526000005/,NON_VERIFIEE,A_LIRE,MANQUANTE,MANQUANTE,NON
0GV.F,Neostellar Capital Corp.      R,0001509470,B5,10-K/A,2026-09-23,0001493152-26-043924,https://www.sec.gov/Archives/edgar/data/1509470/000149315226043924/,NON_VERIFIEE,A_LIRE,MANQUANTE,MANQUANTE,NON
0GV.F,Neostellar Capital Corp.      R,0001509470,B4,4,2026-09-22,0001493152-26-043697,https://www.sec.gov/Archives/edgar/data/1509470/000149315226043697/,NON_VERIFIEE,A_LIRE,MANQUANTE,MANQUANTE,NON
0GV.F,Neostellar Capital Corp.      R,0001509470,B4,4,2026-09-04,0001493152-26-041624,https://www.sec.gov/Archives/edgar/data/1509470/000149315226041624/,NON_VERIFIEE,A_LIRE,MANQUANTE,MANQUANTE,NON
0GV.F,Neostellar Capital Corp.      R,0001509470,B4,4,2026-08-26,0001493152-26-040281,https://www.sec.gov/Archives/edgar/data/1509470/000149315226040281/,NON_VERIFIEE,A_LIRE,MANQUANTE,MANQUANTE,NON
0GV.F,Neostellar Capital Corp.      R,0001509470,B4,4,2026-08-10,0001493152-26-036923,https://www.sec.gov/Archives/edgar/data/1509470/000149315226036923/,NON_VERIFIEE,A_LIRE,MANQUANTE,MANQUANTE,NON
0GV.F,Neostellar Capital Corp.      R,0001509470,B4,3,2026-07-22,0000905148-26-003319,https://www.sec.gov/Archives/edgar/data/1509470/000090514826003319/,NON_VERIFIEE,A_LIRE,MANQUANTE,MANQUANTE,NON
0GV.F,Neostellar Capital Corp.      R,0001509470,B4,4,2026-06-25,0001493152-26-030130,https://www.sec.gov/Archives/edgar/data/1509470/000149315226030130/,NON_VERIFIEE,A_LIRE,MANQUANTE,MANQUANTE,NON
0GV.F,Neostellar Capital Corp.      R,0001509470,B4,4,2026-06-16,0001493152-26-028970,https://www.sec.gov/Archives/edgar/data/1509470/000149315226028970/,NON_VERIFIEE,A_LIRE,MANQUANTE,MANQUANTE,NON
0GV.F,Neostellar Capital Corp.      R,0001509470,B4,4,2026-06-16,0001493152-26-028968,https://www.sec.gov/Archives/edgar/data/1509470/000149315226028968/,NON_VERIFIEE,A_LIRE,MANQUANTE,MANQUANTE,NON
0GV.F,Neostellar Capital Corp.      R,0001509470,B4,4,2026-06-12,0001493152-26-028556,https://www.sec.gov/Archives/edgar/data/1509470/000149315226028556/,NON_VERIFIEE,A_LIRE,MANQUANTE,MANQUANTE,NON
0GV.F,Neostellar Capital Corp.      R,0001509470,B4,4,2026-06-12,0001493152-26-028554,https://www.sec.gov/Archives/edgar/data/1509470/000149315226028554/,NON_VERIFIEE,A_LIRE,MANQUANTE,MANQUANTE,NON
0GV.F,Neostellar Capital Corp.      R,0001509470,B4,4,2026-06-12,0001493152-26-028552,https://www.sec.gov/Archives/edgar/data/1509470/000149315226028552/,NON_VERIFIEE,A_LIRE,MANQUANTE,MANQUANTE,NON
0GV.F,Neostellar Capital Corp.      R,0001509470,B4,4,2026-06-12,0001493152-26-028550,https://www.sec.gov/Archives/edgar/data/1509470/000149315226028550/,NON_VERIFIEE,A_LIRE,MANQUANTE,MANQUANTE,NON
0GV.F,Neostellar Capital Corp.      R,0001509470,B4,4,2026-06-12,0001493152-26-028548,https://www.sec.gov/Archives/edgar/data/1509470/000149315226028548/,NON_VERIFIEE,A_LIRE,MANQUANTE,MANQUANTE,NON
0GV.F,Neostellar Capital Corp.      R,0001509470,B4,4,2026-04-30,0001493152-26-019819,https://www.sec.gov/Archives/edgar/data/1509470/000149315226019819/,NON_VERIFIEE,A_LIRE,MANQUANTE,MANQUANTE,NON
0GV.F,Neostellar Capital Corp.      R,0001509470,B4_B5,DEF 14A,2026-04-29,0001493152-26-019618,https://www.sec.gov/Archives/edgar/data/1509470/000149315226019618/,NON_VERIFIEE,A_LIRE,MANQUANTE,MANQUANTE,NON
0GV.F,Neostellar Capital Corp.      R,0001509470,B4_B5,DEF 14A,2026-04-29,0001493152-26-019603,https://www.sec.gov/Archives/edgar/data/1509470/000149315226019603/,NON_VERIFIEE,A_LIRE,MANQUANTE,MANQUANTE,NON
0GV.F,Neostellar Capital Corp.      R,0001509470,B4,4,2026-04-22,0001493152-26-018557,https://www.sec.gov/Archives/edgar/data/1509470/000149315226018557/,NON_VERIFIEE,A_LIRE,MANQUANTE,MANQUANTE,NON
0GV.F,Neostellar Capital Corp.      R,0001509470,B4,3,2026-03-25,0001493152-26-014412,https://www.sec.gov/Archives/edgar/data/1509470/000149315226014412/,NON_VERIFIEE,A_LIRE,MANQUANTE,MANQUANTE,NON
0GV.F,Neostellar Capital Corp.      R,0001509470,B5,10-K,2026-03-11,0001493152-26-009641,https://www.sec.gov/Archives/edgar/data/1509470/000149315226009641/,NON_VERIFIEE,A_LIRE,MANQUANTE,MANQUANTE,NON
