Ticker,CIK,Accession,Source_XML,Dirigeants_declares,Date_transaction,Code_transaction,Acquisition_cession,Titres_transaction,Prix_par_titre,Titres_apres_transaction,Detention_directe_indirecte,Statut_interpretation,Note_SSI_attribuee
0G93.F,0001499780,0001104659-26-083505,https://www.sec.gov/Archives/edgar/data/1499780/000110465926083505/tm2620490-2_4seq1.xml,Feidakis Georgios,2026-06-18,P,A,106400,2.70,6463867,I,A_VERIFIER_NATURE_FINANCEMENT_ET_PROPRIETE,NON
0G93.F,0001499780,0001104659-26-083505,https://www.sec.gov/Archives/edgar/data/1499780/000110465926083505/tm2620490-2_4seq1.xml,Feidakis Georgios,2026-07-13,P,A,114766,2.75,6578633,I,A_VERIFIER_NATURE_FINANCEMENT_ET_PROPRIETE,NON
0G93.F,0001499780,0001104659-26-038516,https://www.sec.gov/Archives/edgar/data/1499780/000110465926038516/tm2610894-1_4seq1.xml,Feidakis Georgios,2026-03-31,P,A,375145,2.1374,6357467,I,A_VERIFIER_NATURE_FINANCEMENT_ET_PROPRIETE,NON
0G93.F,0001499780,0001104659-26-037750,https://www.sec.gov/Archives/edgar/data/1499780/000110465926037750/tm2610764-1_4seq1.xml,Feidakis Georgios,2026-03-30,P,A,15395,1.9289,5982322,I,A_VERIFIER_NATURE_FINANCEMENT_ET_PROPRIETE,NON
0G93.F,0001499780,0001104659-26-035239,https://www.sec.gov/Archives/edgar/data/1499780/000110465926035239/tm269953-1_4seq1.xml,Feidakis Georgios,2026-03-25,P,A,11100,1.80,5966927,I,A_VERIFIER_NATURE_FINANCEMENT_ET_PROPRIETE,NON
0G93.F,0001499780,0001104659-26-034544,https://www.sec.gov/Archives/edgar/data/1499780/000110465926034544/tm269836-1_4seq1.xml,Feidakis Georgios,2026-03-19,P,A,11007,1.7463,5886802,I,A_VERIFIER_NATURE_FINANCEMENT_ET_PROPRIETE,NON
0G93.F,0001499780,0001104659-26-034544,https://www.sec.gov/Archives/edgar/data/1499780/000110465926034544/tm269836-1_4seq1.xml,Feidakis Georgios,2026-03-20,P,A,22542,1.7396,5909344,I,A_VERIFIER_NATURE_FINANCEMENT_ET_PROPRIETE,NON
0G93.F,0001499780,0001104659-26-034544,https://www.sec.gov/Archives/edgar/data/1499780/000110465926034544/tm269836-1_4seq1.xml,Feidakis Georgios,2026-03-23,P,A,7536,1.7475,5916880,I,A_VERIFIER_NATURE_FINANCEMENT_ET_PROPRIETE,NON
0G93.F,0001499780,0001104659-26-034544,https://www.sec.gov/Archives/edgar/data/1499780/000110465926034544/tm269836-1_4seq1.xml,Feidakis Georgios,2026-03-24,P,A,38947,1.7895,5955827,I,A_VERIFIER_NATURE_FINANCEMENT_ET_PROPRIETE,NON
0FG.F,0001822523,0001628280-26-064003,https://www.sec.gov/Archives/edgar/data/1822523/000162828026064003/wk-form4_1790800417.xml,TANNENBAUM LEONARD M,2026-09-28,P,A,10673,3.57,7024890,D,A_VERIFIER_NATURE_FINANCEMENT_ET_PROPRIETE,NON
0FG.F,0001822523,0001628280-26-064003,https://www.sec.gov/Archives/edgar/data/1822523/000162828026064003/wk-form4_1790800417.xml,TANNENBAUM LEONARD M,2026-09-29,P,A,40081,3.59,7064971,D,A_VERIFIER_NATURE_FINANCEMENT_ET_PROPRIETE,NON
0FG.F,0001822523,0001628280-26-064003,https://www.sec.gov/Archives/edgar/data/1822523/000162828026064003/wk-form4_1790800417.xml,TANNENBAUM LEONARD M,2026-09-30,P,A,44643,3.63,7109614,D,A_VERIFIER_NATURE_FINANCEMENT_ET_PROPRIETE,NON
0FG.F,0001822523,0001628280-26-063722,https://www.sec.gov/Archives/edgar/data/1822523/000162828026063722/wk-form4_1790626645.xml,TANNENBAUM LEONARD M,2026-09-24,P,A,20000,3.49,7008989,D,A_VERIFIER_NATURE_FINANCEMENT_ET_PROPRIETE,NON
0FG.F,0001822523,0001628280-26-063722,https://www.sec.gov/Archives/edgar/data/1822523/000162828026063722/wk-form4_1790626645.xml,TANNENBAUM LEONARD M,2026-09-25,P,A,5228,3.52,7014217,D,A_VERIFIER_NATURE_FINANCEMENT_ET_PROPRIETE,NON
0FG.F,0001822523,0001628280-26-063379,https://www.sec.gov/Archives/edgar/data/1822523/000162828026063379/wk-form4_1790280664.xml,TANNENBAUM LEONARD M,2026-09-22,P,A,23072,3.49,6985518,D,A_VERIFIER_NATURE_FINANCEMENT_ET_PROPRIETE,NON
0FG.F,0001822523,0001628280-26-063379,https://www.sec.gov/Archives/edgar/data/1822523/000162828026063379/wk-form4_1790280664.xml,TANNENBAUM LEONARD M,2026-09-23,P,A,3471,3.49,6988989,D,A_VERIFIER_NATURE_FINANCEMENT_ET_PROPRIETE,NON
0FG.F,0001822523,0001628280-26-063099,https://www.sec.gov/Archives/edgar/data/1822523/000162828026063099/wk-form4_1790116392.xml,TANNENBAUM LEONARD M,2026-09-18,P,A,10000,3.49,6962446,D,A_VERIFIER_NATURE_FINANCEMENT_ET_PROPRIETE,NON
0FG.F,0001822523,0001628280-26-062756,https://www.sec.gov/Archives/edgar/data/1822523/000162828026062756/wk-form4_1789764429.xml,TANNENBAUM LEONARD M,2026-09-17,P,A,25000,3.50,6952446,D,A_VERIFIER_NATURE_FINANCEMENT_ET_PROPRIETE,NON
0FG.F,0001822523,0001628280-26-062485,https://www.sec.gov/Archives/edgar/data/1822523/000162828026062485/wk-form4_1789675477.xml,TANNENBAUM LEONARD M,2026-09-15,P,A,608,3.50,6925105,D,A_VERIFIER_NATURE_FINANCEMENT_ET_PROPRIETE,NON
0FG.F,0001822523,0001628280-26-062485,https://www.sec.gov/Archives/edgar/data/1822523/000162828026062485/wk-form4_1789675477.xml,TANNENBAUM LEONARD M,2026-09-16,P,A,2341,3.43,6927446,D,A_VERIFIER_NATURE_FINANCEMENT_ET_PROPRIETE,NON
0FG.F,0001822523,0001628280-26-062092,https://www.sec.gov/Archives/edgar/data/1822523/000162828026062092/wk-form4_1789506526.xml,TANNENBAUM LEONARD M,2026-09-11,P,A,15000,3.55,6899299,D,A_VERIFIER_NATURE_FINANCEMENT_ET_PROPRIETE,NON
0FG.F,0001822523,0001628280-26-062092,https://www.sec.gov/Archives/edgar/data/1822523/000162828026062092/wk-form4_1789506526.xml,TANNENBAUM LEONARD M,2026-09-14,P,A,25198,3.50,6924497,D,A_VERIFIER_NATURE_FINANCEMENT_ET_PROPRIETE,NON
0FG.F,0001822523,0001628280-26-061551,https://www.sec.gov/Archives/edgar/data/1822523/000162828026061551/wk-form4_1789157316.xml,TANNENBAUM LEONARD M,2026-09-10,P,A,35000,3.46,6884299,D,A_VERIFIER_NATURE_FINANCEMENT_ET_PROPRIETE,NON
0FG.F,0001822523,0001628280-26-060750,https://www.sec.gov/Archives/edgar/data/1822523/000162828026060750/wk-form4_1788554245.xml,TANNENBAUM LEONARD M,2026-09-02,P,A,15223,3.59,6849299,D,A_VERIFIER_NATURE_FINANCEMENT_ET_PROPRIETE,NON
0FG.F,0001822523,0001628280-26-059909,https://www.sec.gov/Archives/edgar/data/1822523/000162828026059909/wk-form4_1788296554.xml,TANNENBAUM LEONARD M,2026-08-28,P,A,65752,3.53,6780803,D,A_VERIFIER_NATURE_FINANCEMENT_ET_PROPRIETE,NON
0FG.F,0001822523,0001628280-26-059909,https://www.sec.gov/Archives/edgar/data/1822523/000162828026059909/wk-form4_1788296554.xml,TANNENBAUM LEONARD M,2026-08-31,P,A,53273,3.60,6834076,D,A_VERIFIER_NATURE_FINANCEMENT_ET_PROPRIETE,NON
0FG.F,0001822523,0001628280-26-059389,https://www.sec.gov/Archives/edgar/data/1822523/000162828026059389/wk-form4_1787947507.xml,TANNENBAUM LEONARD M,2026-08-26,P,A,19404,3.41,6699849,D,A_VERIFIER_NATURE_FINANCEMENT_ET_PROPRIETE,NON
0FG.F,0001822523,0001628280-26-059389,https://www.sec.gov/Archives/edgar/data/1822523/000162828026059389/wk-form4_1787947507.xml,TANNENBAUM LEONARD M,2026-08-27,P,A,15202,3.46,6715051,D,A_VERIFIER_NATURE_FINANCEMENT_ET_PROPRIETE,NON
0FG.F,0001822523,0001628280-26-059085,https://www.sec.gov/Archives/edgar/data/1822523/000162828026059085/wk-form4_1787775139.xml,TANNENBAUM LEONARD M,2026-08-24,P,A,30000,3.41,6650445,D,A_VERIFIER_NATURE_FINANCEMENT_ET_PROPRIETE,NON
0FG.F,0001822523,0001628280-26-059085,https://www.sec.gov/Archives/edgar/data/1822523/000162828026059085/wk-form4_1787775139.xml,TANNENBAUM LEONARD M,2026-08-25,P,A,30000,3.40,6680445,D,A_VERIFIER_NATURE_FINANCEMENT_ET_PROPRIETE,NON
0FG.F,0001822523,0001628280-26-058642,https://www.sec.gov/Archives/edgar/data/1822523/000162828026058642/wk-form4_1787602575.xml,TANNENBAUM LEONARD M,2026-08-21,P,A,25000,3.28,6620445,D,A_VERIFIER_NATURE_FINANCEMENT_ET_PROPRIETE,NON
0FG.F,0001822523,0001628280-26-058415,https://www.sec.gov/Archives/edgar/data/1822523/000162828026058415/wk-form4_1787342671.xml,TANNENBAUM LEONARD M,2026-08-20,P,A,20000,3.29,6595445,D,A_VERIFIER_NATURE_FINANCEMENT_ET_PROPRIETE,NON
0FG.F,0001822523,0001628280-26-058037,https://www.sec.gov/Archives/edgar/data/1822523/000162828026058037/wk-form4_1787176810.xml,TANNENBAUM LEONARD M,2026-08-19,P,A,12841,3.48,6575445,D,A_VERIFIER_NATURE_FINANCEMENT_ET_PROPRIETE,NON
0FG.F,0001822523,0001628280-26-057654,https://www.sec.gov/Archives/edgar/data/1822523/000162828026057654/wk-form4_1787084226.xml,Tannenbaum Robyn,2026-08-14,P,A,1000,3.15,226907,D,A_VERIFIER_NATURE_FINANCEMENT_ET_PROPRIETE,NON
0FG.F,0001822523,0001628280-26-057419,https://www.sec.gov/Archives/edgar/data/1822523/000162828026057419/wk-form4_1786999948.xml,TANNENBAUM LEONARD M,2026-08-14,P,A,45829,3.06,6562604,D,A_VERIFIER_NATURE_FINANCEMENT_ET_PROPRIETE,NON
0FG.F,0001822523,0001628280-26-057405,https://www.sec.gov/Archives/edgar/data/1822523/000162828026057405/wk-form4_1786999702.xml,Hetzel Brandon,2026-08-14,P,A,1463,3,42000,D,A_VERIFIER_NATURE_FINANCEMENT_ET_PROPRIETE,NON
0FG.F,0001822523,0001628280-26-036480,https://www.sec.gov/Archives/edgar/data/1822523/000162828026036480/wk-form4_1779222270.xml,TANNENBAUM LEONARD M,2026-05-14,P,A,90600,2.84,6516775,D,A_VERIFIER_NATURE_FINANCEMENT_ET_PROPRIETE,NON
0CG.F,0001364954,0001234658-26-000008,https://www.sec.gov/Archives/edgar/data/1364954/000123465826000008/wk-form4_1789473038.xml,ROSENSWEIG DANIEL,2026-09-12,F,D,6337,0.7347,7627441,D,A_VERIFIER_NATURE_FINANCEMENT_ET_PROPRIETE,NON
0CG.F,0001364954,0001364954-26-000090,https://www.sec.gov/Archives/edgar/data/1364954/000136495426000090/wk-form4_1786730865.xml,BUDIG RENEE VARNI,2026-08-13,S,D,54347,0.7755,376311,D,A_VERIFIER_NATURE_FINANCEMENT_ET_PROPRIETE,NON
0CG.F,0001364954,0001364954-26-000079,https://www.sec.gov/Archives/edgar/data/1364954/000136495426000079/wk-form4_1783968190.xml,Longo David,2026-07-12,F,D,63601,0.8535,1779261,D,A_VERIFIER_NATURE_FINANCEMENT_ET_PROPRIETE,NON
0CG.F,0001364954,0001364954-26-000077,https://www.sec.gov/Archives/edgar/data/1364954/000136495426000077/wk-form4_1782122865.xml,BUDIG RENEE VARNI,2026-06-16,A,A,119784,0,430658,D,A_VERIFIER_NATURE_FINANCEMENT_ET_PROPRIETE,NON
0CG.F,0001364954,0001364954-26-000075,https://www.sec.gov/Archives/edgar/data/1364954/000136495426000075/wk-form4_1782122828.xml,Martin Marcela,2026-06-16,A,A,119784,0,432434,D,A_VERIFIER_NATURE_FINANCEMENT_ET_PROPRIETE,NON
0CG.F,0001364954,0001364954-26-000073,https://www.sec.gov/Archives/edgar/data/1364954/000136495426000073/wk-form4_1782122798.xml,Levine Marne L.,2026-06-16,A,A,119784,0,465281,D,A_VERIFIER_NATURE_FINANCEMENT_ET_PROPRIETE,NON
0CG.F,0001364954,0001364954-26-000071,https://www.sec.gov/Archives/edgar/data/1364954/000136495426000071/wk-form4_1782122761.xml,SCHLEIN TED,2026-06-16,A,A,119784,0,174784,D,A_VERIFIER_NATURE_FINANCEMENT_ET_PROPRIETE,NON
0CG.F,0001364954,0001364954-26-000062,https://www.sec.gov/Archives/edgar/data/1364954/000136495426000062/wk-form4_1781574580.xml,SCHLEIN TED,2026-06-12,A,A,55000,0,579663,I,A_VERIFIER_NATURE_FINANCEMENT_ET_PROPRIETE,NON
0CG.F,0001364954,0001364954-26-000060,https://www.sec.gov/Archives/edgar/data/1364954/000136495426000060/wk-form4_1781574269.xml,ROSENSWEIG DANIEL,2026-06-12,S,D,1956,1.11,7640115,D,A_VERIFIER_NATURE_FINANCEMENT_ET_PROPRIETE,NON
0CG.F,0001364954,0001364954-26-000060,https://www.sec.gov/Archives/edgar/data/1364954/000136495426000060/wk-form4_1781574269.xml,ROSENSWEIG DANIEL,2026-06-12,S,D,6337,1.11,7633778,D,A_VERIFIER_NATURE_FINANCEMENT_ET_PROPRIETE,NON
0CG.F,0001364954,0001364954-26-000058,https://www.sec.gov/Archives/edgar/data/1364954/000136495426000058/wk-form4_1781574201.xml,BUDIG RENEE VARNI,2026-06-12,A,A,55000,0,310874,D,A_VERIFIER_NATURE_FINANCEMENT_ET_PROPRIETE,NON
0CG.F,0001364954,0001364954-26-000056,https://www.sec.gov/Archives/edgar/data/1364954/000136495426000056/wk-form4_1781574140.xml,Martin Marcela,2026-06-12,A,A,55000,0,312650,D,A_VERIFIER_NATURE_FINANCEMENT_ET_PROPRIETE,NON
0CG.F,0001364954,0001364954-26-000054,https://www.sec.gov/Archives/edgar/data/1364954/000136495426000054/wk-form4_1781574078.xml,Levine Marne L.,2026-06-12,A,A,55000,0,345497,D,A_VERIFIER_NATURE_FINANCEMENT_ET_PROPRIETE,NON
0CG.F,0001364954,0001364954-26-000028,https://www.sec.gov/Archives/edgar/data/1364954/000136495426000028/wk-form4_1776214645.xml,Longo David,2026-04-12,F,D,63600,0.80,1842862,D,A_VERIFIER_NATURE_FINANCEMENT_ET_PROPRIETE,NON
0CG.F,0001364954,0001364954-26-000022,https://www.sec.gov/Archives/edgar/data/1364954/000136495426000022/wk-form4_1773450859.xml,ROSENSWEIG DANIEL,2026-03-12,F,D,7004,0.5704,7618071,D,A_VERIFIER_NATURE_FINANCEMENT_ET_PROPRIETE,NON
0CG.F,0001364954,0001364954-26-000017,https://www.sec.gov/Archives/edgar/data/1364954/000136495426000017/wk-form4_1771414224.xml,ROSENSWEIG DANIEL,2026-02-13,P,A,100000,0.5636,7625075,D,A_VERIFIER_NATURE_FINANCEMENT_ET_PROPRIETE,NON
0CG.F,0001364954,0001364954-26-000002,https://www.sec.gov/Archives/edgar/data/1364954/000136495426000002/wk-form4_1768494974.xml,Longo David,2026-01-12,F,D,1815,0.92,2169385,D,A_VERIFIER_NATURE_FINANCEMENT_ET_PROPRIETE,NON
0CG.F,0001364954,0001364954-26-000002,https://www.sec.gov/Archives/edgar/data/1364954/000136495426000002/wk-form4_1768494974.xml,Longo David,2026-01-12,F,D,262923,0.92,1906462,D,A_VERIFIER_NATURE_FINANCEMENT_ET_PROPRIETE,NON
0C9.F,0001597835,0001193125-26-397196,https://www.sec.gov/Archives/edgar/data/1597835/000119312526397196/ownership.xml,Wu Shengwu,2026-09-22,M,A,12737,0,38211,D,A_VERIFIER_NATURE_FINANCEMENT_ET_PROPRIETE,NON
0C9.F,0001597835,0001193125-26-397196,https://www.sec.gov/Archives/edgar/data/1597835/000119312526397196/ownership.xml,Wu Shengwu,2026-09-22,M,D,636850,0,0,D,A_VERIFIER_NATURE_FINANCEMENT_ET_PROPRIETE,NON
0C9.F,0001597835,0001193125-26-276687,https://www.sec.gov/Archives/edgar/data/1597835/000119312526276687/ownership.xml,Fu Sheng,2026-06-22,M,A,10707950,0,129686978,I,A_VERIFIER_NATURE_FINANCEMENT_ET_PROPRIETE,NON
0C9.F,0001597835,0001193125-26-276687,https://www.sec.gov/Archives/edgar/data/1597835/000119312526276687/ownership.xml,Fu Sheng,2026-06-22,M,D,10707950,0,10707950,D,A_VERIFIER_NATURE_FINANCEMENT_ET_PROPRIETE,NON
0C9.F,0001597835,0001193125-26-276674,https://www.sec.gov/Archives/edgar/data/1597835/000119312526276674/ownership.xml,Ren Thomas Jintao,2026-06-22,M,A,2841750,0,13342600,I,A_VERIFIER_NATURE_FINANCEMENT_ET_PROPRIETE,NON
0C9.F,0001597835,0001193125-26-276674,https://www.sec.gov/Archives/edgar/data/1597835/000119312526276674/ownership.xml,Ren Thomas Jintao,2026-06-22,M,D,2841750,0,0,D,A_VERIFIER_NATURE_FINANCEMENT_ET_PROPRIETE,NON
0O9.F,0001744781,0001104659-26-029058,https://www.sec.gov/Archives/edgar/data/1744781/000110465926029058/tm269061-1_4seq1.xml,Zhou Fion Wenjuan,2026-03-15,M,A,45000,,164284,D,A_VERIFIER_NATURE_FINANCEMENT_ET_PROPRIETE,NON
0O9.F,0001744781,0001104659-26-029058,https://www.sec.gov/Archives/edgar/data/1744781/000110465926029058/tm269061-1_4seq1.xml,Zhou Fion Wenjuan,2026-03-16,S,D,22113,3.4841,142171,D,A_VERIFIER_NATURE_FINANCEMENT_ET_PROPRIETE,NON
0JW.F,0001674335,0001674335-26-000111,https://www.sec.gov/Archives/edgar/data/1674335/000167433526000111/wk-form4_1785271993.xml,Michel Christian,2026-06-08,A,A,140319,0,140319,D,A_VERIFIER_NATURE_FINANCEMENT_ET_PROPRIETE,NON
0JW.F,0001674335,0001674335-26-000109,https://www.sec.gov/Archives/edgar/data/1674335/000167433526000109/wk-form4_1783373232.xml,Stoddard Samantha,2026-07-02,S,D,1208,1.47,242186,D,A_VERIFIER_NATURE_FINANCEMENT_ET_PROPRIETE,NON
0JW.F,0001674335,0001674335-26-000107,https://www.sec.gov/Archives/edgar/data/1674335/000167433526000107/wk-form4_1782767255.xml,Livingston Wendy A.,2026-06-26,S,D,2435,1.44,172437,D,A_VERIFIER_NATURE_FINANCEMENT_ET_PROPRIETE,NON
0JW.F,0001674335,0001674335-26-000100,https://www.sec.gov/Archives/edgar/data/1674335/000167433526000100/wk-form4_1778716899.xml,Hilton Michael F,2026-05-11,A,A,38216,0,89695,D,A_VERIFIER_NATURE_FINANCEMENT_ET_PROPRIETE,NON
0JW.F,0001674335,0001674335-26-000098,https://www.sec.gov/Archives/edgar/data/1674335/000167433526000098/wk-form4_1778713796.xml,TATEN BRUCE M.,2026-05-11,A,A,38216,0,126374,D,A_VERIFIER_NATURE_FINANCEMENT_ET_PROPRIETE,NON
0JW.F,0001674335,0001674335-26-000097,https://www.sec.gov/Archives/edgar/data/1674335/000167433526000097/wk-form4_1778713790.xml,Christensen William,2026-05-11,A,A,562766,0,906316,D,A_VERIFIER_NATURE_FINANCEMENT_ET_PROPRIETE,NON
0JW.F,0001674335,0001674335-26-000096,https://www.sec.gov/Archives/edgar/data/1674335/000167433526000096/wk-form4_1778713786.xml,Hayes James S,2026-05-11,A,A,127388,0,212639,D,A_VERIFIER_NATURE_FINANCEMENT_ET_PROPRIETE,NON
0JW.F,0001674335,0001674335-26-000095,https://www.sec.gov/Archives/edgar/data/1674335/000167433526000095/wk-form4_1778713780.xml,Halligan Catherine Ann,2026-05-11,A,A,38216,0,103891,D,A_VERIFIER_NATURE_FINANCEMENT_ET_PROPRIETE,NON
0JW.F,0001674335,0001674335-26-000094,https://www.sec.gov/Archives/edgar/data/1674335/000167433526000094/wk-form4_1778713772.xml,Elliott Rachael B.,2026-05-11,A,A,121019,0,236226,D,A_VERIFIER_NATURE_FINANCEMENT_ET_PROPRIETE,NON
0JW.F,0001674335,0001674335-26-000093,https://www.sec.gov/Archives/edgar/data/1674335/000167433526000093/wk-form4_1778713763.xml,Joubert Tracey,2026-05-11,A,A,38216,0,106027,D,A_VERIFIER_NATURE_FINANCEMENT_ET_PROPRIETE,NON
0JW.F,0001674335,0001674335-26-000092,https://www.sec.gov/Archives/edgar/data/1674335/000167433526000092/wk-form4_1778713757.xml,Livingston Wendy A.,2026-05-11,A,A,105095,0,174872,D,A_VERIFIER_NATURE_FINANCEMENT_ET_PROPRIETE,NON
0JW.F,0001674335,0001674335-26-000091,https://www.sec.gov/Archives/edgar/data/1674335/000167433526000091/wk-form4_1778713751.xml,Wendt Roderick,2026-05-11,A,A,38216,0,118612,D,A_VERIFIER_NATURE_FINANCEMENT_ET_PROPRIETE,NON
0JW.F,0001674335,0001674335-26-000090,https://www.sec.gov/Archives/edgar/data/1674335/000167433526000090/wk-form4_1778713743.xml,NORD DAVID G,2026-05-11,A,A,38216,0,113528,D,A_VERIFIER_NATURE_FINANCEMENT_ET_PROPRIETE,NON
0JW.F,0001674335,0001674335-26-000089,https://www.sec.gov/Archives/edgar/data/1674335/000167433526000089/wk-form4_1778713735.xml,Meier Matthew,2026-05-11,A,A,74522,0,127236,D,A_VERIFIER_NATURE_FINANCEMENT_ET_PROPRIETE,NON
0JW.F,0001674335,0001674335-26-000088,https://www.sec.gov/Archives/edgar/data/1674335/000167433526000088/wk-form4_1778713727.xml,Franzen Antonella B,2026-05-11,A,A,38216,0,84699,D,A_VERIFIER_NATURE_FINANCEMENT_ET_PROPRIETE,NON
0JW.F,0001674335,0001674335-26-000087,https://www.sec.gov/Archives/edgar/data/1674335/000167433526000087/wk-form4_1778713719.xml,Marshall Cynthia,2026-05-11,A,A,38216,0,106027,D,A_VERIFIER_NATURE_FINANCEMENT_ET_PROPRIETE,NON
0JW.F,0001674335,0001674335-26-000086,https://www.sec.gov/Archives/edgar/data/1674335/000167433526000086/wk-form4_1778713713.xml,WYNNE STEVEN E,2026-05-11,A,A,38216,0,143060,D,A_VERIFIER_NATURE_FINANCEMENT_ET_PROPRIETE,NON
0JW.F,0001674335,0001674335-26-000085,https://www.sec.gov/Archives/edgar/data/1674335/000167433526000085/wk-form4_1778713707.xml,Stoddard Samantha,2026-05-11,A,A,150955,0,243394,D,A_VERIFIER_NATURE_FINANCEMENT_ET_PROPRIETE,NON
0JW.F,0001674335,0001449427-26-000002,https://www.sec.gov/Archives/edgar/data/1674335/000144942726000002/wk-form4_1778618588.xml,TATEN BRUCE M.,2026-05-11,S,D,19483,1.6568,88158,D,A_VERIFIER_NATURE_FINANCEMENT_ET_PROPRIETE,NON
0JW.F,0001674335,0001674335-26-000038,https://www.sec.gov/Archives/edgar/data/1674335/000167433526000038/wk-form4_1771383020.xml,Stoddard Samantha,2026-02-13,F,D,5634,2.24,92439,D,A_VERIFIER_NATURE_FINANCEMENT_ET_PROPRIETE,NON
0JW.F,0001674335,0001674335-26-000036,https://www.sec.gov/Archives/edgar/data/1674335/000167433526000036/wk-form4_1771382960.xml,Hayes James S,2026-02-13,F,D,4554,2.24,85251,D,A_VERIFIER_NATURE_FINANCEMENT_ET_PROPRIETE,NON
0LQ.F,0001731388,0001927715-26-000010,https://www.sec.gov/Archives/edgar/data/1731388/000192771526000010/primary_doc.xml,Aslidis Anastasios,2026-10-01,S,D,3000,55.4,46150,D,A_VERIFIER_NATURE_FINANCEMENT_ET_PROPRIETE,NON
0LQ.F,0001731388,0002127484-26-000018,https://www.sec.gov/Archives/edgar/data/1731388/000212748426000018/primary_doc.xml,Pittas Aristeidis P,2026-09-24,P,A,450,51.3324,76113,I,A_VERIFIER_NATURE_FINANCEMENT_ET_PROPRIETE,NON
0LQ.F,0001731388,0002127484-26-000018,https://www.sec.gov/Archives/edgar/data/1731388/000212748426000018/primary_doc.xml,Pittas Aristeidis P,2026-09-24,P,A,450,51.3324,76113,I,A_VERIFIER_NATURE_FINANCEMENT_ET_PROPRIETE,NON
0LQ.F,0001731388,0002127484-26-000016,https://www.sec.gov/Archives/edgar/data/1731388/000212748426000016/primary_doc.xml,Pittas Aristeidis P,2026-08-25,S,D,250,52.12,75663,I,A_VERIFIER_NATURE_FINANCEMENT_ET_PROPRIETE,NON
0LQ.F,0001731388,0002127484-26-000016,https://www.sec.gov/Archives/edgar/data/1731388/000212748426000016/primary_doc.xml,Pittas Aristeidis P,2026-08-25,S,D,250,52.12,75663,I,A_VERIFIER_NATURE_FINANCEMENT_ET_PROPRIETE,NON
0LQ.F,0001731388,0002127484-26-000016,https://www.sec.gov/Archives/edgar/data/1731388/000212748426000016/primary_doc.xml,Pittas Aristeidis P,2026-08-25,S,D,1000,48.82,34970,D,A_VERIFIER_NATURE_FINANCEMENT_ET_PROPRIETE,NON
0LQ.F,0001731388,0002127484-26-000016,https://www.sec.gov/Archives/edgar/data/1731388/000212748426000016/primary_doc.xml,Pittas Aristeidis P,2026-08-25,S,D,950,52.12,34020,D,A_VERIFIER_NATURE_FINANCEMENT_ET_PROPRIETE,NON
0LQ.F,0001731388,0002127484-26-000016,https://www.sec.gov/Archives/edgar/data/1731388/000212748426000016/primary_doc.xml,Pittas Aristeidis P,2026-08-25,S,D,1000,51.4,33020,D,A_VERIFIER_NATURE_FINANCEMENT_ET_PROPRIETE,NON
0LQ.F,0001731388,0002122338-26-000007,https://www.sec.gov/Archives/edgar/data/1731388/000212233826000007/primary_doc.xml,Karmiri Stefania,2026-08-24,S,A,350,45.35,500,D,A_VERIFIER_NATURE_FINANCEMENT_ET_PROPRIETE,NON
0LQ.F,0001731388,0002127484-26-000015,https://www.sec.gov/Archives/edgar/data/1731388/000212748426000015/primary_doc.xml,Pittas Aristeidis P,2026-08-21,S,D,250,44.5587,75913,I,A_VERIFIER_NATURE_FINANCEMENT_ET_PROPRIETE,NON
0LQ.F,0001731388,0002127484-26-000015,https://www.sec.gov/Archives/edgar/data/1731388/000212748426000015/primary_doc.xml,Pittas Aristeidis P,2026-08-21,S,D,250,44.5587,75913,I,A_VERIFIER_NATURE_FINANCEMENT_ET_PROPRIETE,NON
0LQ.F,0001731388,0002122342-26-000007,https://www.sec.gov/Archives/edgar/data/1731388/000212234226000007/primary_doc.xml,Pariaros Symeon,2026-08-21,S,D,2676,45.8,1900,D,A_VERIFIER_NATURE_FINANCEMENT_ET_PROPRIETE,NON
0LQ.F,0001731388,0002127484-26-000014,https://www.sec.gov/Archives/edgar/data/1731388/000212748426000014/primary_doc.xml,Pittas Aristeidis P,2026-08-18,S,D,300,39.5,76163,I,A_VERIFIER_NATURE_FINANCEMENT_ET_PROPRIETE,NON
0LQ.F,0001731388,0002127484-26-000014,https://www.sec.gov/Archives/edgar/data/1731388/000212748426000014/primary_doc.xml,Pittas Aristeidis P,2026-08-18,S,D,300,39.5,76163,I,A_VERIFIER_NATURE_FINANCEMENT_ET_PROPRIETE,NON
0LQ.F,0001731388,0002122342-26-000006,https://www.sec.gov/Archives/edgar/data/1731388/000212234226000006/primary_doc.xml,Pariaros Symeon,2026-08-18,S,D,2700,42,4576,D,A_VERIFIER_NATURE_FINANCEMENT_ET_PROPRIETE,NON
0LQ.F,0001731388,0002122342-26-000005,https://www.sec.gov/Archives/edgar/data/1731388/000212234226000005/primary_doc.xml,Pariaros Symeon,2026-08-12,S,D,1900,39.98,7276,D,A_VERIFIER_NATURE_FINANCEMENT_ET_PROPRIETE,NON
0LQ.F,0001731388,0002122338-26-000005,https://www.sec.gov/Archives/edgar/data/1731388/000212233826000005/primary_doc.xml,Karmiri Stefania,2026-08-11,S,D,400,38.5,850,D,A_VERIFIER_NATURE_FINANCEMENT_ET_PROPRIETE,NON
0LQ.F,0001731388,0002127484-26-000012,https://www.sec.gov/Archives/edgar/data/1731388/000212748426000012/primary_doc.xml,Pittas Aristeidis P,2026-08-10,S,D,250,37.803,76463,I,A_VERIFIER_NATURE_FINANCEMENT_ET_PROPRIETE,NON
0LQ.F,0001731388,0002127484-26-000012,https://www.sec.gov/Archives/edgar/data/1731388/000212748426000012/primary_doc.xml,Pittas Aristeidis P,2026-08-10,S,D,250,37.803,76463,I,A_VERIFIER_NATURE_FINANCEMENT_ET_PROPRIETE,NON
0LQ.F,0001731388,0002127484-26-000010,https://www.sec.gov/Archives/edgar/data/1731388/000212748426000010/primary_doc.xml,Pittas Aristeidis P,2026-07-14,S,D,250,23.45,77417,I,A_VERIFIER_NATURE_FINANCEMENT_ET_PROPRIETE,NON
0LQ.F,0001731388,0002127484-26-000009,https://www.sec.gov/Archives/edgar/data/1731388/000212748426000009/primary_doc.xml,Pittas Aristeidis P,2026-06-22,P,A,250,22,77667,I,A_VERIFIER_NATURE_FINANCEMENT_ET_PROPRIETE,NON
0LQ.F,0001731388,0002127484-26-000009,https://www.sec.gov/Archives/edgar/data/1731388/000212748426000009/primary_doc.xml,Pittas Aristeidis P,2026-06-22,P,A,250,22,77667,I,A_VERIFIER_NATURE_FINANCEMENT_ET_PROPRIETE,NON
0LQ.F,0001731388,0002127484-26-000006,https://www.sec.gov/Archives/edgar/data/1731388/000212748426000006/primary_doc.xml,Pittas Aristeidis P,2026-04-14,S,A,498,20,76713,I,A_VERIFIER_NATURE_FINANCEMENT_ET_PROPRIETE,NON
0LQ.F,0001731388,0002127484-26-000006,https://www.sec.gov/Archives/edgar/data/1731388/000212748426000006/primary_doc.xml,Pittas Aristeidis P,2026-04-14,S,A,498,20,76713,I,A_VERIFIER_NATURE_FINANCEMENT_ET_PROPRIETE,NON
0LQ.F,0001731388,0002127484-26-000003,https://www.sec.gov/Archives/edgar/data/1731388/000212748426000003/primary_doc.xml,Pittas Aristeidis P,2026-04-08,P,D,352,20.1,77211,I,A_VERIFIER_NATURE_FINANCEMENT_ET_PROPRIETE,NON
0LQ.F,0001731388,0002127484-26-000003,https://www.sec.gov/Archives/edgar/data/1731388/000212748426000003/primary_doc.xml,Pittas Aristeidis P,2026-04-08,P,D,352,20.1,99232,I,A_VERIFIER_NATURE_FINANCEMENT_ET_PROPRIETE,NON
0GV.F,0001509470,0001493152-26-043697,https://www.sec.gov/Archives/edgar/data/1509470/000149315226043697/ownership.xml,Klein Mark D,2026-09-21,P,A,5000,7.91,1763796,D,A_VERIFIER_NATURE_FINANCEMENT_ET_PROPRIETE,NON
0GV.F,0001509470,0001493152-26-041624,https://www.sec.gov/Archives/edgar/data/1509470/000149315226041624/ownership.xml,LOTT RONALD M.,2026-09-03,S,D,5085,9.96,16432,I,A_VERIFIER_NATURE_FINANCEMENT_ET_PROPRIETE,NON
0GV.F,0001509470,0001493152-26-040281,https://www.sec.gov/Archives/edgar/data/1509470/000149315226040281/ownership.xml,Falk Erik A,2026-08-26,P,A,50000,10.22,50000,I,A_VERIFIER_NATURE_FINANCEMENT_ET_PROPRIETE,NON
0GV.F,0001509470,0001493152-26-036923,https://www.sec.gov/Archives/edgar/data/1509470/000149315226036923/ownership.xml,Klein Mark D,2026-08-10,P,A,26040,9.60,1758796,D,A_VERIFIER_NATURE_FINANCEMENT_ET_PROPRIETE,NON
0GV.F,0001509470,0001493152-26-030130,https://www.sec.gov/Archives/edgar/data/1509470/000149315226030130/ownership.xml,LOTT RONALD M.,2026-06-23,S,D,500,12.35,3036,D,A_VERIFIER_NATURE_FINANCEMENT_ET_PROPRIETE,NON
0GV.F,0001509470,0001493152-26-028970,https://www.sec.gov/Archives/edgar/data/1509470/000149315226028970/ownership.xml,Green Allison,2026-06-12,A,A,60000,0,249805,D,A_VERIFIER_NATURE_FINANCEMENT_ET_PROPRIETE,NON
0GV.F,0001509470,0001493152-26-028970,https://www.sec.gov/Archives/edgar/data/1509470/000149315226028970/ownership.xml,Green Allison,2026-06-15,F,D,41815,13.56,207990,D,A_VERIFIER_NATURE_FINANCEMENT_ET_PROPRIETE,NON
0GV.F,0001509470,0001493152-26-028968,https://www.sec.gov/Archives/edgar/data/1509470/000149315226028968/ownership.xml,Klein Mark D,2026-06-12,A,A,350000,0,2026021,D,A_VERIFIER_NATURE_FINANCEMENT_ET_PROPRIETE,NON
0GV.F,0001509470,0001493152-26-028968,https://www.sec.gov/Archives/edgar/data/1509470/000149315226028968/ownership.xml,Klein Mark D,2026-06-15,F,D,293265,13.56,1732756,D,A_VERIFIER_NATURE_FINANCEMENT_ET_PROPRIETE,NON
0GV.F,0001509470,0001493152-26-028556,https://www.sec.gov/Archives/edgar/data/1509470/000149315226028556/ownership.xml,Westley Lisa,2026-06-10,A,A,3536,0,58831,D,A_VERIFIER_NATURE_FINANCEMENT_ET_PROPRIETE,NON
0GV.F,0001509470,0001493152-26-028554,https://www.sec.gov/Archives/edgar/data/1509470/000149315226028554/ownership.xml,Mazur Marc,2026-06-10,A,A,3536,0,68950,D,A_VERIFIER_NATURE_FINANCEMENT_ET_PROPRIETE,NON
0GV.F,0001509470,0001493152-26-028552,https://www.sec.gov/Archives/edgar/data/1509470/000149315226028552/ownership.xml,Szuch Richard C.,2026-06-10,A,A,3536,0,9303,D,A_VERIFIER_NATURE_FINANCEMENT_ET_PROPRIETE,NON
0GV.F,0001509470,0001493152-26-028550,https://www.sec.gov/Archives/edgar/data/1509470/000149315226028550/ownership.xml,LOTT RONALD M.,2026-06-10,A,A,3536,0,3536,D,A_VERIFIER_NATURE_FINANCEMENT_ET_PROPRIETE,NON
0GV.F,0001509470,0001493152-26-028548,https://www.sec.gov/Archives/edgar/data/1509470/000149315226028548/ownership.xml,Potter Leonard,2026-06-10,A,A,3536,0,105815,D,A_VERIFIER_NATURE_FINANCEMENT_ET_PROPRIETE,NON
0GV.F,0001509470,0001493152-26-019819,https://www.sec.gov/Archives/edgar/data/1509470/000149315226019819/ownership.xml,LOTT RONALD M.,2026-04-28,S,D,10669,12.90,10669,I,A_VERIFIER_NATURE_FINANCEMENT_ET_PROPRIETE,NON
0GV.F,0001509470,0001493152-26-018557,https://www.sec.gov/Archives/edgar/data/1509470/000149315226018557/ownership.xml,Klein Mark D,2026-04-21,P,A,2500,13.08,1673521,D,A_VERIFIER_NATURE_FINANCEMENT_ET_PROPRIETE,NON
0GV.F,0001509470,0001493152-26-018557,https://www.sec.gov/Archives/edgar/data/1509470/000149315226018557/ownership.xml,Klein Mark D,2026-04-22,P,A,2500,13.25,1676021,D,A_VERIFIER_NATURE_FINANCEMENT_ET_PROPRIETE,NON
