Parametre,Valeur,Unite,Portee,Statut
Frais_achat,2.5,POURCENT,MICRO_CAPS,VALIDE
Frais_vente,2.5,POURCENT,MICRO_CAPS,VALIDE
Frequence_revue,HEBDOMADAIRE_MARDI,CALENDRIER,MICRO_CAPS,VALIDE
Frequence_arbitrage_normal,MENSUEL,CALENDRIER,MICRO_CAPS,VALIDE
Role_revue_hebdomadaire,PREPARATION_ARBITRAGE,REGLE,MICRO_CAPS,VALIDE
Exception_hors_fenetre,DISQUALIFICATION_GRAVE_DOCUMENTEE,REGLE,MICRO_CAPS,VALIDE
Cadence_repli_rotation,BIMESTRIEL,CALENDRIER,MICRO_CAPS,VALIDE
Condition_cadence_repli,DESTRUCTION_ALPHA_PAR_ROTATION_ET_FRAIS,REGLE,MICRO_CAPS,A_MESURER
Bascule_automatique_cadence,NON,REGLE,MICRO_CAPS,VALIDE
