Pays,Exchange,FullExchangeName,QuoteType,Nb_lignes
Allemagne,FRA,Frankfurt,EQUITY,2358
USA,PNK,OTC Markets OTCPK,EQUITY,787
USA,NCM,NasdaqCM,EQUITY,406
USA,NGM,NasdaqGM,EQUITY,329
USA,NYQ,NYSE,EQUITY,313
USA,OQX,OTC Markets OTCQX,EQUITY,257
Canada,VAN,TSXV,EQUITY,223
Canada,TOR,Toronto,EQUITY,175
Suède,STO,Stockholm,EQUITY,171
USA,NMS,NasdaqGS,EQUITY,168
USA,OQB,OTC Markets OTCQB,EQUITY,163
USA,OID,OTC Markets OTCID,EQUITY,162
Allemagne,STU,Stuttgart,EQUITY,153
France,PAR,Paris,EQUITY,129
Allemagne,GER,XETRA,EQUITY,108
USA,ASE,NYSE American,EQUITY,96
Italie,MIL,Milan,EQUITY,95
Norvège,OSL,Oslo,EQUITY,95
Allemagne,MUN,Munich,EQUITY,61
Finlande,HEL,Helsinki,EQUITY,61
Espagne,MCE,MCE,EQUITY,47
Suisse,EBS,Swiss,EQUITY,39
Danemark,CPH,Copenhagen,EQUITY,33
Belgique,BRU,Brussels,EQUITY,28
Canada,CNQ,Canadian Sec,EQUITY,28
Royaume-Uni,CXE,Cboe UK,EQUITY,28
Royaume-Uni,IOB,IOB,EQUITY,24
Allemagne,DUS,Dusseldorf,EQUITY,21
Allemagne,HAM,Hamburg,EQUITY,15
Pays-Bas,AMS,Amsterdam,EQUITY,15
Portugal,LIS,Lisbon,EQUITY,11
Royaume-Uni,LSE,LSE,EQUITY,9
Canada,NEO,Cboe CA,EQUITY,8
USA,PCX,NYSEArca,ETF,2
USA,NYQ,NYSE,ETF,1
