ID_ligne,Societe,Ticker_reference,Pays,Devise,Date_T0,Capital_T0_EUR,Ticker_cotation,Place_cotation,Cours_T0_devise,FX_T0_vers_EUR,Cours_T0_EUR,Quantite_T0,Valeur_T0_Temoin_EUR,Valeur_T0_Gere_EUR,Statut_Temoin,Statut_Gere,SSI_audite,Voyant_F,Voyant_M,Voyant_global,Commentaire,Cours_T0_brut,Unite_cotation_T0
1,Intellicheck,IDN,USA,USD,2026-10-01,100.0,IDN,,2.2799999713897705,0.88283,2.0128523747420313,49.680742241624195,100.0,100.0,ACTIF,ACTIF,,,,,,2.2799999713897705,Devise
2,InfuSystem,INFU,USA,USD,2026-10-01,100.0,INFU,,12.819999694824219,0.88283,11.317880330581666,8.835576722771432,100.0,100.0,ACTIF,ACTIF,,,,,,12.819999694824219,Devise
3,One Stop Systems,OSS,USA,USD,2026-10-01,100.0,OSS,,8.970000267028809,0.88283,7.918985335741043,12.627880436735548,100.0,100.0,ACTIF,ACTIF,,,,,,8.970000267028809,Devise
4,Crexendo,CXDO,USA,USD,2026-10-01,100.0,CXDO,,5.929999828338623,0.88283,5.235181748452186,19.10153358659718,100.0,100.0,ACTIF,ACTIF,,,,,,5.929999828338623,Devise
5,Lifeway Foods,LWAY,USA,USD,2026-10-01,100.0,LWAY,,21.100000381469727,0.88283,18.627713336772917,5.368345442732913,100.0,100.0,ACTIF,ACTIF,,,,,,21.100000381469727,Devise
6,ActiveOps,AOM,Royaume-Uni,GBP,2026-10-01,100.0,AOM.L,,2.15,1.171042,2.5177403,39.718155204490316,100.0,100.0,ACTIF,ACTIF,,,,,,215.0,GBp
7,STIF,ALSTI,France,EUR,2026-10-01,100.0,ALSTI.PA,,45.599998474121094,1.0,45.599998474121094,2.1929825295224954,100.0,100.0,ACTIF,ACTIF,,,,,,45.599998474121094,Devise
8,MEMSCAP,MEMS,France,EUR,2026-10-01,100.0,MEMS.PA,,4.940000057220459,1.0,4.940000057220459,20.242914745281606,100.0,100.0,ACTIF,ACTIF,,,,,,4.940000057220459,Devise
9,Firan Technology,FTG,Canada,CAD,2026-10-01,100.0,FTG.TO,,24.969999313354492,0.620282,15.488441114086152,6.456427684581747,100.0,100.0,ACTIF,ACTIF,,,,,,24.969999313354492,Devise
10,Electrovaya,ELVA,Canada,CAD,2026-10-01,100.0,ELVA.TO,,9.130000114440918,0.620282,5.6631747309856415,17.657940068996528,100.0,100.0,ACTIF,ACTIF,,,,,,9.130000114440918,Devise
11,Covalon Technologies,COV,Canada,CAD,2026-10-01,100.0,COV.V,,3.880000114440918,0.620282,2.4066942309856416,41.55077064320125,100.0,100.0,ACTIF,ACTIF,,,,,,3.880000114440918,Devise
12,ROK Resources,ROK,Canada,CAD,2026-10-01,100.0,ROK.V,,0.3199999928474426,0.620282,0.1984902355633974,503.803120169406,100.0,100.0,ACTIF,ACTIF,,,,,,0.3199999928474426,Devise
13,Made Tech Group,MTEC,Royaume-Uni,GBP,2026-10-01,100.0,MTEC.L,,0.48,1.171042,0.56210016,177.9042368534462,100.0,100.0,ACTIF,ACTIF,,,,,,48.0,GBp
14,Zoomd Technologies,ZOMD,Canada,CAD,2026-10-01,100.0,ZOMD.V,,0.3799999952316284,0.620282,0.23570715704226494,424.2552549308839,100.0,100.0,ACTIF,ACTIF,,,,,,0.3799999952316284,Devise
15,CEMATRIX,CEMX,Canada,CAD,2026-10-01,100.0,CEMX.TO,TSX,0.49000000953674316,0.620282,0.3039381859154701,329.0142688020502,100.0,100.0,ACTIF,ACTIF,,,,,,0.49000000953674316,Devise
16,CTT Systems,CTT,Suède,SEK,2026-10-01,100.0,CTT.ST,,132.8000030517578,0.088217,11.71521786921692,8.535906127939924,100.0,100.0,ACTIF,ACTIF,,,,,,132.8000030517578,Devise
17,ICAPE Holding,ALICA,France,EUR,2026-10-01,100.0,ALICA.PA,,9.279999732971191,1.0,9.279999732971191,10.775862379037251,100.0,100.0,ACTIF,ACTIF,,,,,,9.279999732971191,Devise
18,Plejd,PLEJD,Suède,SEK,2026-10-01,100.0,PLEJD.ST,,954.5,0.088217,84.20312650000001,1.1876043581350864,100.0,100.0,ACTIF,ACTIF,,,,,,954.5,Devise
19,Software Circle,SFT,Royaume-Uni,GBP,2026-10-01,100.0,SFT.L,,0.1825,1.171042,0.21371516499999998,467.9125133679681,100.0,100.0,ACTIF,ACTIF,,,,,,18.25,GBp
20,Tristel,TSTL,Royaume-Uni,GBP,2026-10-01,100.0,TSTL.L,,4.05,1.171042,4.7427201,21.08494659003807,100.0,100.0,ACTIF,ACTIF,,,,,,405.0,GBp
21,Generic Sweden,GENI,Suède,SEK,2026-10-01,100.0,GENI.ST,,39.349998474121094,0.088217,3.4713388153915408,28.807329194318577,100.0,100.0,ACTIF,ACTIF,,,,,,39.349998474121094,Devise
22,Light Science Technologies,LST,Royaume-Uni,GBP,2026-10-01,100.0,LST.L,,0.012999999523162841,1.171042,0.015223545441603658,6568.7720632222145,100.0,100.0,ACTIF,ACTIF,,,,,,1.2999999523162842,GBp
23,Growens,GROW,Italie,EUR,2026-10-01,100.0,GROW.MI,,1.7599999904632568,1.0,1.7599999904632568,56.81818212605705,100.0,100.0,ACTIF,ACTIF,,,,,,1.7599999904632568,Devise
24,Hardide,HDD,Royaume-Uni,GBP,2026-10-01,100.0,HDD.L,,0.98,1.171042,1.14762116,87.13676907107569,100.0,100.0,ACTIF,ACTIF,,,,,,98.0,GBp
25,Kenorland Minerals,KLD,Canada,CAD,2026-10-01,100.0,KLD.V,,2.0999999046325684,0.620282,1.3025921408452987,76.77000103432715,100.0,100.0,ACTIF,ACTIF,,,,,,2.0999999046325684,Devise
26,Sidetrade,ALBFR,France,EUR,2026-10-01,100.0,ALBFR.PA,,197.0,1.0,197.0,0.5076142131979695,100.0,100.0,ACTIF,ACTIF,,,,,,197.0,Devise
27,Cerillion,CER,Royaume-Uni,GBP,2026-10-01,100.0,CER.L,,7.06,1.171042,8.26755652,12.095472194002008,100.0,100.0,ACTIF,ACTIF,,,,,,706.0,GBp
28,Transense Technologies,TRT,Royaume-Uni,GBP,2026-10-01,100.0,TRT.L,,0.3770000076293945,1.171042,0.44148284293434137,226.50936859820914,100.0,100.0,ACTIF,ACTIF,,,,,,37.70000076293945,GBp
29,Pulsar Group,PULS,Royaume-Uni,GBP,2026-10-01,100.0,PULS.L,AIM,0.145,1.171042,0.16980109,588.924370273477,100.0,100.0,ACTIF,ACTIF,,,,,"Titularisé avant gel T0 en remplacement de Good Energy Group, non investissable au 01/10/2026 car cotation antérieurement annulée.",14.5,GBp
30,Hargreaves Services,HSP,Royaume-Uni,GBP,2026-10-01,100.0,HSP.L,,8.3,1.171042,9.7196486,10.288437793934238,100.0,100.0,ACTIF,ACTIF,,,,,,830.0,GBp
31,Broadpeak,ALBPK,France,EUR,2026-10-01,100.0,ALBPK.PA,,2.130000114440918,1.0,2.130000114440918,46.94835428506443,100.0,100.0,ACTIF,ACTIF,,,,,,2.130000114440918,Devise
32,Entech,ALESE,France,EUR,2026-10-01,100.0,ALESE.PA,,9.960000038146973,1.0,9.960000038146973,10.040160604116291,100.0,100.0,ACTIF,ACTIF,,,,,,9.960000038146973,Devise
33,Diagnostic Medical Systems,ALDMS,France,EUR,2026-10-01,100.0,ALDMS.PA,,0.9079999923706055,1.0,0.9079999923706055,110.13215951568469,100.0,100.0,ACTIF,ACTIF,,,,,,0.9079999923706055,Devise
34,StreamWIDE,ALSTW,France,EUR,2026-10-01,100.0,ALSTW.PA,,68.19999694824219,1.0,68.19999694824219,1.4662757254357537,100.0,100.0,ACTIF,ACTIF,,,,,,68.19999694824219,Devise
35,Sogeclair,ALSOG,France,EUR,2026-10-01,100.0,ALSOG.PA,,31.5,1.0,31.5,3.1746031746031744,100.0,100.0,ACTIF,ACTIF,,,,,,31.5,Devise
36,Mon Courtier Énergie Groupe,ALMCE,France,EUR,2026-10-01,100.0,ALMCE.PA,,5.599999904632568,1.0,5.599999904632568,17.857143161248192,100.0,100.0,ACTIF,ACTIF,,,,,,5.599999904632568,Devise
37,2CRSi,AL2SI,France,EUR,2026-10-01,100.0,AL2SI.PA,,26.639999389648438,1.0,26.639999389648438,3.7537538397563632,100.0,100.0,ACTIF,ACTIF,,,,,,26.639999389648438,Devise
38,WALLIX,ALLIX,France,EUR,2026-10-01,100.0,ALLIX.PA,,23.450000762939453,1.0,23.450000762939453,4.264392185352962,100.0,100.0,ACTIF,ACTIF,,,,,,23.450000762939453,Devise
39,Arcure,ALCUR,France,EUR,2026-10-01,100.0,ALCUR.PA,,1.8799999952316284,1.0,1.8799999952316284,53.19148949661531,100.0,100.0,ACTIF,ACTIF,,,,,,1.8799999952316284,Devise
40,IEVA,ALIEV,France,EUR,2026-10-01,100.0,ALIEV.PA,,8.979999542236328,1.0,8.979999542236328,11.135858028684996,100.0,100.0,ACTIF,ACTIF,,,,,,8.979999542236328,Devise
