Ticker,Societe,Pays,Nb_faits_bruts,CIK_pistes,Statut_identite
1F6.F,Fermentalg                    A,Allemagne,0,,A_VERIFIER
HBQ.F,Hofseth BioCare ASA           N,Allemagne,0,,A_VERIFIER
INVN.F,INVE Technologies Inc.        R,Allemagne,1156,0001036044,A_VERIFIER
H460.F,Borgestad ASA                 N,Allemagne,0,,A_VERIFIER
A5E0.F,Techprecision Corp.           R,Allemagne,1048,0001328792,A_VERIFIER
K4H.F,KR1 PLC                       R,Allemagne,0,,A_VERIFIER
G9D.F,Goldpac Group Ltd.            R,Allemagne,0,,A_VERIFIER
R5XA.F,Talphera Inc.                 R,Allemagne,1235,0001427925,A_VERIFIER
99H.F,Merus Power OYJ               R,Allemagne,0,,A_VERIFIER
U9D0.F,WeShop Holdings Ltd.          R,Allemagne,16,0002048271,A_VERIFIER
BL00.F,Black Bear Minerals Ltd.      R,Allemagne,0,,A_VERIFIER
SQL.F,Matador Secondary Pri. Equi.AGI,Allemagne,0,,A_VERIFIER
93G.F,The Kingfish Company N.V.     A,Allemagne,0,,A_VERIFIER
B0R.F,Bathurst Resources Ltd.       R,Allemagne,0,,A_VERIFIER
GTY.SG,Gateway Real Estate AG,Allemagne,0,,A_VERIFIER
94P.F,AUREA S.A.                    A,Allemagne,0,,A_VERIFIER
D0E.F,Franchetti S.p.A.             A,Allemagne,0,,A_VERIFIER
B66.F,Paragon Advanced Labs Inc.    R,Allemagne,0,,A_VERIFIER
50S.F,SuperCom Ltd.                 R,Allemagne,312,0001291855,A_VERIFIER
7YU.F,Lumos Diagnostics Hldgs Ltd.  R,Allemagne,0,,A_VERIFIER
NWX.F,NORDWEST HANDEL AG            I,Allemagne,0,,A_VERIFIER
VF5.F,ONDINE BIOMEDICAL INC         R,Allemagne,0,,A_VERIFIER
4H7.F,Trophy Games Development A/S  N,Allemagne,0,,A_VERIFIER
V5W.F,Afarak Group SE               R,Allemagne,0,,A_VERIFIER
HNT.F,Cinda International Hldgs Ltd.R,Allemagne,0,,A_VERIFIER
P15.SG,ProCook Group PLC,Allemagne,0,,A_VERIFIER
ZF6.F,Magis S.p.A.                  A,Allemagne,0,,A_VERIFIER
6OP.F,OSE Immunotherapeutics S.A.   A,Allemagne,0,,A_VERIFIER
OSU.F,Staffline Group PLC           R,Allemagne,0,,A_VERIFIER
MS7.F,MAKING SCIENCE GROUP S.A.     A,Allemagne,0,,A_VERIFIER
MSH.F,WASGAU Produkt. & Handels AG  N,Allemagne,0,,A_VERIFIER
U6Q.F,Umbrella Global Energy S.A    A,Allemagne,0,,A_VERIFIER
W4U.F,Kaleon S.p.A.                 A,Allemagne,0,,A_VERIFIER
KZ70.F,Talenom Oyj                   R,Allemagne,0,,A_VERIFIER
GUU.F,GURU Organic Energy Corp.     R,Allemagne,0,,A_VERIFIER
RAQB.F,Battalion Oil Corp.           R,Allemagne,1337,0001282648,A_VERIFIER
QHI.F,Shimao Group Holdings Ltd.    R,Allemagne,0,,A_VERIFIER
A8D.F,AB Science S.A.               A,Allemagne,0,,A_VERIFIER
H460.SG,Borgestad ASA,Allemagne,0,,A_VERIFIER
4K8.F,Kamux Oyj                     R,Allemagne,0,,A_VERIFIER
KY3.F,Monni NV                      A,Allemagne,0,,A_VERIFIER
IKL.F,IMPACT Silver Corp.           R,Allemagne,0,,A_VERIFIER
5ILA.F,Ideal Power Inc.              R,Allemagne,923,0001507957,A_VERIFIER
NHM.F,Marchex Inc.                  R,Allemagne,1130,0001224133,A_VERIFIER
2OP.F,DP Poland PLC                 R,Allemagne,0,,A_VERIFIER
DM7.F,Da Ming International HoldingsR,Allemagne,0,,A_VERIFIER
ZAY0.F,Zentek Ltd.                   R,Allemagne,38,0001904501,A_VERIFIER
PEH.F,PEH Wertpapier AG             I,Allemagne,0,,A_VERIFIER
GLY0.F,Global Bio-Chem Techn. Co.Ltd.R,Allemagne,0,,A_VERIFIER
7UM0.F,Zelluna ASA                   N,Allemagne,0,,A_VERIFIER
PBN0.F,Alterity Therapeutics Ltd.    R,Allemagne,115,0001131343,A_VERIFIER
PBN0.SG,Alterity Therapeutics Ltd. (ADR,Allemagne,0,,A_VERIFIER
TP21.F,Tethys Petroleum Ltd.         R,Allemagne,0,,A_VERIFIER
TJJ.F,Tianjin TEDA Bio.Eng.Co.Ltd.  R,Allemagne,0,,A_VERIFIER
8YW.F,Herige S.A.                   A,Allemagne,0,,A_VERIFIER
2HU.F,Catana Group S.A.             A,Allemagne,0,,A_VERIFIER
D3R.F,Austral Gold Ltd.             R,Allemagne,0,,A_VERIFIER
EVY.F,Everyman Media Group PLC      R,Allemagne,0,,A_VERIFIER
GPI1.F,China Oil & Gas Group Ltd.    R,Allemagne,0,,A_VERIFIER
CCO.F,China Chengtong Develop. GroupR,Allemagne,0,,A_VERIFIER
MJT.F,Majestic Gold Corp.           R,Allemagne,0,,A_VERIFIER
Z1N.F,MedPal AI PLC                 R,Allemagne,0,,A_VERIFIER
5AR1.F,AI Financial Corp.            R,Allemagne,1179,0000862861,A_VERIFIER
C4G0.F,51 Talk Online Education GroupR,Allemagne,0,,A_VERIFIER
R9Q.F,Recce Pharmaceuticals Ltd.    R,Allemagne,0,,A_VERIFIER
CF90.F,Capinfo Co. Ltd.              R,Allemagne,0,,A_VERIFIER
4W1.F,White Cliff Minerals Ltd.     R,Allemagne,0,,A_VERIFIER
GC3.F,Novonix Ltd.                  R,Allemagne,96,0001859795,A_VERIFIER
APL.F,ALPHA PRO TECH LTD.           R,Allemagne,1096,0000884269,A_VERIFIER
KV7.F,Marks Electrical Group PLC    R,Allemagne,0,,A_VERIFIER
TS8A.F,DLH Holdings Corp.            R,Allemagne,956,0000785557,A_VERIFIER
6FK.F,Gentian Diagnostics ASA       N,Allemagne,0,,A_VERIFIER
G4D.F,Winking Studios Ltd.          R,Allemagne,0,,A_VERIFIER
KG0A.F,China Shuifa Singyes En. HLDGSR,Allemagne,0,,A_VERIFIER
1G9.F,Gumi Inc.                     R,Allemagne,0,,A_VERIFIER
GJY.F,Boom Logistics Ltd.           R,Allemagne,0,,A_VERIFIER
CSO.F,Calnex Solutions PLC          R,Allemagne,0,,A_VERIFIER
L270.F,Forum Markets Inc.            R,Allemagne,621,0001690080,A_VERIFIER
2CY.F,Canyon Resources Ltd.         R,Allemagne,0,,A_VERIFIER
MNZ.F,Gattaca PLC                   R,Allemagne,0,,A_VERIFIER
BY0.F,R.E.A. HOLDINGS PLC           R,Allemagne,0,,A_VERIFIER
9B5.F,Airtasker Ltd.                R,Allemagne,0,,A_VERIFIER
SRC.F,Yojee Ltd.                    R,Allemagne,0,,A_VERIFIER
KK2.F,SUN A. KAKEN CO. LTD.         R,Allemagne,0,,A_VERIFIER
1MP.F,Scana ASA                     N,Allemagne,0,,A_VERIFIER
43M.F,Marmota Ltd.                  R,Allemagne,0,,A_VERIFIER
WFU.F,Quam Plus Intern. Finan. ltd. R,Allemagne,0,,A_VERIFIER
BG4.F,Kodama Chemical Industry      R,Allemagne,0,,A_VERIFIER
WE3.F,KH Group Oyj                  R,Allemagne,0,,A_VERIFIER
P0T.F,Tenet Fintech Group Inc.      R,Allemagne,0,,A_VERIFIER
XLS.F,Xlife Sciences AG             N,Allemagne,0,,A_VERIFIER
45P.F,Playmates Toys Group Ltd.     R,Allemagne,0,,A_VERIFIER
BBA.F,System1 Group PLC             R,Allemagne,0,,A_VERIFIER
EJ1C.F,Asia Energy Logistics Grp Ltd.R,Allemagne,0,,A_VERIFIER
ABA.HM,ALBA SE                       I,Allemagne,0,,A_VERIFIER
FHW.F,FERNHEIZWERK NEUKOELLN AG     I,Allemagne,0,,A_VERIFIER
FHW.SG,Fernheizwerk Neukölln AG,Allemagne,0,,A_VERIFIER
67E0.F,Wallbox N.V.                  A,Allemagne,88,0001866501,A_VERIFIER
GUL.F,GUILLEMOT CORP.               A,Allemagne,0,,A_VERIFIER
AXD2.F,Heron Therapeutics Inc.       R,Allemagne,0,,A_VERIFIER
PNC.F,Great Elm Group Inc.          R,Allemagne,452,0001831096,A_VERIFIER
RZA.F,Austin Engineering Ltd.       R,Allemagne,0,,A_VERIFIER
L4Q.F,AMC Robotics Corp.            R,Allemagne,244,0001937891,A_VERIFIER
6H4.F,Invictus Energy Ltd.          R,Allemagne,0,,A_VERIFIER
5DP.F,Dolphin Drilling AS           N,Allemagne,0,,A_VERIFIER
O3Z.F,Goodfellow Inc.               R,Allemagne,0,,A_VERIFIER
1UM0.F,EC Healthcare Ltd.            R,Allemagne,0,,A_VERIFIER
R0L.F,J Frontier Co. Ltd.           R,Allemagne,0,,A_VERIFIER
0AD.F,Anfield Energy Inc.           R,Allemagne,13,0001519469,A_VERIFIER
G4A.F,Gear4music (Holdings) PLC     R,Allemagne,0,,A_VERIFIER
4CI0.F,AIFU Inc.                     R,Allemagne,399,0001413855,A_VERIFIER
ZZF0.F,CarParts.com Inc.             R,Allemagne,1341,0001378950,A_VERIFIER
8PR1.F,Soma Gold Corp.               R,Allemagne,0,,A_VERIFIER
C7W.F,Energy Time S.p.A.            A,Allemagne,0,,A_VERIFIER
5DP.SG,Dolphin Drilling AS,Allemagne,0,,A_VERIFIER
IRQ.SG,IRCE S.p.A.,Allemagne,0,,A_VERIFIER
FBC.SG,Futebol Clube do Porto - Futebo,Allemagne,0,,A_VERIFIER
Z5S.F,Atenor S.A.                   A,Allemagne,0,,A_VERIFIER
NWR.F,NEBAG AG                      S,Allemagne,0,,A_VERIFIER
J0M.F,Masterbeef Group.             R,Allemagne,24,0002027265,A_VERIFIER
6EU.F,TheWorks plc                  R,Allemagne,0,,A_VERIFIER
GI11.F,Gentoo Media Inc.             R,Allemagne,0,,A_VERIFIER
PHRE.F,Water Intelligence PLC        R,Allemagne,0,,A_VERIFIER
1Y0.F,Wise Holdings Co. Ltd.        R,Allemagne,0,,A_VERIFIER
A8Y1.F,EML Payments Ltd.             R,Allemagne,0,,A_VERIFIER
IFS.F,infas Holding AG              I,Allemagne,0,,A_VERIFIER
IY3A.F,Ilyda S.A.                    N,Allemagne,0,,A_VERIFIER
6CW.F,Charlottes Web Holdings Inc.  R,Allemagne,0,,A_VERIFIER
AJW.F,"AnGes, Inc.                   R",Allemagne,0,,A_VERIFIER
6SJA.F,SelectQuote Inc.              R,Allemagne,530,0001794783,A_VERIFIER
TH1.F,TTEC Holdings Inc.            R,Allemagne,1389,0001013880,A_VERIFIER
95A.F,Altisource Ptf Solns S.A.     A,Allemagne,0,,A_VERIFIER
OH5.F,Nissan Securities Grp Co. Ltd.R,Allemagne,0,,A_VERIFIER
5R6.F,VCREDIT Holdings Ltd.         R,Allemagne,0,,A_VERIFIER
E9Q.F,Guangdong Kanghua Healthcare  R,Allemagne,0,,A_VERIFIER
CUEH.F,Chengdu SIWI Sci.+Tech.Co.Ltd.R,Allemagne,0,,A_VERIFIER
E0J.F,Ekinops S.A.S.                A,Allemagne,0,,A_VERIFIER
PHT.F,Haulotte Group S.A.           A,Allemagne,0,,A_VERIFIER
6QN.F,THE ITALIAN SEA GROUP S.P.A.  A,Allemagne,0,,A_VERIFIER
3CV.F,Victoria PLC                  R,Allemagne,0,,A_VERIFIER
1JS.F,Shield Therapeutics PLC       R,Allemagne,0,,A_VERIFIER
ECK.HM,LUDW.BECK A.RATH.ECK-TEXTIL.AGI,Allemagne,0,,A_VERIFIER
61I.F,Research Solutions Inc.       R,Allemagne,1107,0001386301,A_VERIFIER
2I3.F,Champions Oncology Inc.       R,Allemagne,1125,0000771856,A_VERIFIER
LXB.F,LEXIBOOK LING. EL. SYS. S.A.  A,Allemagne,0,,A_VERIFIER
2JY.F,Vala Inc.                     R,Allemagne,0,,A_VERIFIER
6AX.F,DMG Blockchain Solutions Inc. R,Allemagne,0,,A_VERIFIER
OPQ.F,Oriental Media Group Ltd.     R,Allemagne,0,,A_VERIFIER
WKU.F,Aspire Mining Ltd.            R,Allemagne,0,,A_VERIFIER
5IN.F,AGF A/S                       N,Allemagne,0,,A_VERIFIER
75V.F,Advini S.A.                   A,Allemagne,0,,A_VERIFIER
91P.F,Llorente & Cuenca S.A.        A,Allemagne,0,,A_VERIFIER
315.F,C Capital Holdings AG         I,Allemagne,0,,A_VERIFIER
0HF.F,Pullup Entertainment S.A.     A,Allemagne,0,,A_VERIFIER
IFG.F,Atari S.A.                    A,Allemagne,0,,A_VERIFIER
5H7.F,Sanderson Design Group PLC    R,Allemagne,0,,A_VERIFIER
A8F.F,Strickland Metals Ltd.        R,Allemagne,0,,A_VERIFIER
29U.F,Trufin PLC                    R,Allemagne,0,,A_VERIFIER
2HA.F,Spero Therapeutics Inc.       R,Allemagne,776,0001701108,A_VERIFIER
AWQ.F,ALNG ASA                      N,Allemagne,0,,A_VERIFIER
TQB0.F,MindWalk Holdings Corp.       R,Allemagne,60,0001715925,A_VERIFIER
2FW.F,Flowtech FluidPower PLC       R,Allemagne,0,,A_VERIFIER
2FW.SG,Flowtech FluidPower PLC,Allemagne,0,,A_VERIFIER
B5D1.F,Time Finance PLC              R,Allemagne,0,,A_VERIFIER
LK1.F,LAKE RESOURCES N.L.           R,Allemagne,0,,A_VERIFIER
Y0U.F,Vulcan Two Group PLC          R,Allemagne,0,,A_VERIFIER
92M.F,CML MICROSYSTEMS PLC          R,Allemagne,0,,A_VERIFIER
0VC.F,OMER - DECUGIS & CIE          A,Allemagne,0,,A_VERIFIER
IE2A.F,Internet Thailand PCL         R,Allemagne,0,,A_VERIFIER
NYA1.SG,Corero Network Security PLC,Allemagne,0,,A_VERIFIER
LT50.F,Luotea PLC                    R,Allemagne,0,,A_VERIFIER
2F60.F,Awale Resources Ltd.          R,Allemagne,0,0001727254,A_VERIFIER
U1R1.F,Apollo Future Mobility Group  R,Allemagne,0,,A_VERIFIER
P41.F,Blinklab Ltd.                 R,Allemagne,0,,A_VERIFIER
0G93.F,Globus Maritime Ltd.          R,Allemagne,180,0001499780,A_VERIFIER
GUJB.F,GDH Guangnan (Holdings) Ltd.  R,Allemagne,0,,A_VERIFIER
HUV.F,HUNG HING PRINTING GRP LTD.   R,Allemagne,0,,A_VERIFIER
X62.F,Optex Systems Holdings Inc.   R,Allemagne,1218,0001397016,A_VERIFIER
FVA.F,PCI-PAL PLC                   R,Allemagne,0,,A_VERIFIER
CY9D.F,Microbot Medical Inc.         R,Allemagne,1185,0000883975,A_VERIFIER
7XE.F,Nightingale Health Oyj        R,Allemagne,0,,A_VERIFIER
7KW.F,Daniel Thwaites PLC           R,Allemagne,0,,A_VERIFIER
7L4.F,Elica S.p.A.                  A,Allemagne,0,,A_VERIFIER
K6Z.F,Shine Justice Ltd.            R,Allemagne,0,,A_VERIFIER
RZC.MU,Caica Digital Inc.            R,Allemagne,0,,A_VERIFIER
CG4.F,The Character Group PLC       R,Allemagne,0,,A_VERIFIER
1NE0.F,Verrica Pharmaceuticals Inc.  R,Allemagne,675,0001660334,A_VERIFIER
UE1.F,UNIVERSAL ELECTRONICS INC.    R,Allemagne,1399,0000101984,A_VERIFIER
C480.F,Atlas Lithium Corp.           R,Allemagne,901,0001540684,A_VERIFIER
7W5.F,Moulinvest                    A,Allemagne,0,,A_VERIFIER
PJJ1.F,China Display Optoel.Tec.H.LtdR,Allemagne,0,,A_VERIFIER
92M.SG,CML Microsystems PLC,Allemagne,0,,A_VERIFIER
SFK.SG,SergeFerrari Group S.A.,Allemagne,0,,A_VERIFIER
ISC1.F,Arcelormittal South Africa LtdR,Allemagne,0,,A_VERIFIER
L2T1.F,Lifevantage Corp.             R,Allemagne,1423,0000849146,A_VERIFIER
6CE.SG,Groupe LDLC S.A.,Allemagne,0,,A_VERIFIER
SFK.F,SergeFerrari Group S.A.       A,Allemagne,0,,A_VERIFIER
UK3.F,Netstars Co. Ltd.             R,Allemagne,0,,A_VERIFIER
2DI.F,Microlise Group PLC           R,Allemagne,0,,A_VERIFIER
RGI0.F,Regis Corp. (Minn.)           R,Allemagne,0,,A_VERIFIER
3DS.F,Dachan Food Asia Ltd.         R,Allemagne,0,,A_VERIFIER
J9M.F,Virsi-A A/S                   B,Allemagne,0,,A_VERIFIER
2P4.F,Bioporto A/S                  I,Allemagne,0,,A_VERIFIER
XC1.F,Cable One Inc.                R,Allemagne,920,0001632127,A_VERIFIER
RN5.F,Risanamento S.p.A.            A,Allemagne,0,,A_VERIFIER
60Z.F,Banqup Group S.A.             A,Allemagne,0,,A_VERIFIER
7SS.F,Brii Biosciences Ltd.         R,Allemagne,0,,A_VERIFIER
TS6.F,TELESTE CORP.                 R,Allemagne,0,,A_VERIFIER
0QZ.F,Alithya Group Inc.            R,Allemagne,115,0001734520,A_VERIFIER
J4O.F,JINHUI SHIPPING AND TRANSP.LTDR,Allemagne,0,,A_VERIFIER
RFM0.F,Sensorion S.A.                A,Allemagne,0,,A_VERIFIER
ZMX1.F,WidePoint Corp.               R,Allemagne,1310,0001034760,A_VERIFIER
NS9B.F,NetSol Technologies Inc.      R,Allemagne,1249,0001039280,A_VERIFIER
8UK.F,New Zealand Rural Land CompanyR,Allemagne,0,,A_VERIFIER
6RC.F,ReproCELL Inc.                R,Allemagne,0,,A_VERIFIER
0FG.F,Advanced Flower Capital Inc.  R,Allemagne,315,0001822523,A_VERIFIER
G7PA.F,Energy Transition Minerals LtdR,Allemagne,0,,A_VERIFIER
B1O.F,Bango PLC                     R,Allemagne,0,,A_VERIFIER
4VZ.F,American Tungsten+Antimony LtdR,Allemagne,0,,A_VERIFIER
4NI.F,Pulmonx Corp.                 R,Allemagne,539,0001127537,A_VERIFIER
AGE.F,AGFA-GEVAERT N.V.             A,Allemagne,0,,A_VERIFIER
5NX.F,Nexstim Oyj                   R,Allemagne,0,,A_VERIFIER
BJG.F,Beijing Enterprises Env.Gr.LtdR,Allemagne,0,,A_VERIFIER
609.F,ABIONYX Pharma S.A.           A,Allemagne,0,,A_VERIFIER
71W.F,Valtecne S.p.A.               A,Allemagne,0,,A_VERIFIER
WAB0.F,Articore Group Ltd.           R,Allemagne,0,,A_VERIFIER
M26.F,SPARQ Systems Inc.            R,Allemagne,0,,A_VERIFIER
HIH.SG,High Co.,Allemagne,0,,A_VERIFIER
4YYA.F,Kaldvik AS                    N,Allemagne,0,,A_VERIFIER
DX4.F,Harboes Bryggeri AS           N,Allemagne,0,,A_VERIFIER
609.SG,Cerenis Therapeutics Holdings S,Allemagne,0,,A_VERIFIER
RFM0.SG,Sensorion S.A.,Allemagne,0,,A_VERIFIER
YKK.F,Boreo Oyj                     R,Allemagne,0,,A_VERIFIER
HCY.F,Holland Colours N.V.          A,Allemagne,0,,A_VERIFIER
PSX.F,Daphne International Hldgs LtdR,Allemagne,0,,A_VERIFIER
T4M.F,Edil San Felice S.p.A. Soc.BenA,Allemagne,0,,A_VERIFIER
UE22.F,Big Sky Industrial Inc.       R,Allemagne,1272,0000101594,A_VERIFIER
SG9.F,Strix Group PLC               R,Allemagne,0,,A_VERIFIER
J9B.SG,Benakat Petroleum Energy Tbk,Allemagne,0,,A_VERIFIER
7YR.F,Kaiser Reef Ltd.              R,Allemagne,0,,A_VERIFIER
FOU1.F,FOUNDER HOLDINGS LTD.         R,Allemagne,0,,A_VERIFIER
7EJ.F,Western Bulk Chartering AS    N,Allemagne,0,,A_VERIFIER
4YL.F,Nanoform Finland Oyj          R,Allemagne,0,,A_VERIFIER
O7U.F,Stakk Ltd.                    R,Allemagne,0,,A_VERIFIER
S83.F,LBG Media PLC                 R,Allemagne,0,,A_VERIFIER
V7A0.F,SkinHealth Systems Inc.       R,Allemagne,470,0001818093,A_VERIFIER
WTT0.F,Elevate Uranium Ltd.          R,Allemagne,0,,A_VERIFIER
NYA1.F,Corero Network Security PLC   R,Allemagne,0,,A_VERIFIER
G5O.F,Gascogne S.A.                 A,Allemagne,0,,A_VERIFIER
77P.F,WE Connect                    A,Allemagne,0,,A_VERIFIER
TSS.F,INNOTEC TSS AG                I,Allemagne,0,,A_VERIFIER
DCV.F,ADVANEX INC.                  R,Allemagne,0,,A_VERIFIER
YAJ1.F,Pilbara Gold Ltd.             R,Allemagne,0,,A_VERIFIER
MB01.F,Scully Royalty Ltd.           R,Allemagne,130,0000016859,A_VERIFIER
VEK.F,Veritone Inc                  R,Allemagne,813,0001615165,A_VERIFIER
6MR1.F,Kuya Silver Corp.             R,Allemagne,0,,A_VERIFIER
0CG.F,Chegg Inc.                    R,Allemagne,1153,0001364954,A_VERIFIER
1BN.F,Abitare In S.p.A.             A,Allemagne,0,,A_VERIFIER
7ZL.F,Invesque Inc.                 R,Allemagne,0,,A_VERIFIER
H8A.F,Haivision Systems Inc.        R,Allemagne,0,,A_VERIFIER
0C9.F,Cheetah Mobile Inc.           R,Allemagne,278,0001597835,A_VERIFIER
RVS1.F,Dawson Geophysical Co.        R,Allemagne,1042,0000799165,A_VERIFIER
89K0.F,Otovo ASA                     N,Allemagne,0,,A_VERIFIER
HAEK.HM,M1 Aesthetics AG              I,Allemagne,0,,A_VERIFIER
FOV.F,FOUNTAIN SET (HOLDINGS) LTD.  R,Allemagne,0,,A_VERIFIER
D2L.F,Vitura S.A.                   A,Allemagne,0,,A_VERIFIER
9WV.F,Nutriband Inc.                R,Allemagne,724,0001676047,A_VERIFIER
JI5.F,Jubilee Metals Group PLC      R,Allemagne,0,,A_VERIFIER
QJ1.F,LapWall Oyj                   R,Allemagne,0,,A_VERIFIER
U92.F,Fenbi Ltd.                    R,Allemagne,0,,A_VERIFIER
7D0.F,Lotus Resources Ltd.          R,Allemagne,0,,A_VERIFIER
CX40.F,Reitmans (Canada) Ltd.        R,Allemagne,0,,A_VERIFIER
SST.F,Heeton Holdings Ltd.          R,Allemagne,0,,A_VERIFIER
SST.SG,Heeton Holdings Ltd.,Allemagne,0,,A_VERIFIER
BQ3.F,Big River Industries Ltd.     R,Allemagne,0,,A_VERIFIER
MS4A.F,Mastech Digital Inc.          R,Allemagne,1446,0001437226,A_VERIFIER
HSUB.F,Hi Sun Technology (China) Ltd.R,Allemagne,0,,A_VERIFIER
1TH0.F,Parkit Enterprise Inc.        R,Allemagne,0,,A_VERIFIER
7EK.F,S.T. DUPONT S.A.              A,Allemagne,0,,A_VERIFIER
FM2.F,Neodecortech S.p.A.           A,Allemagne,0,,A_VERIFIER
FMK.F,EcoGraf Ltd.                  R,Allemagne,0,,A_VERIFIER
45I.F,First Northwest Bancorp       R,Allemagne,627,0001556727,A_VERIFIER
W1T.F,Western Energy Services Corp. R,Allemagne,0,,A_VERIFIER
1S0.F,Suominen Corp.                R,Allemagne,0,,A_VERIFIER
2T1.F,Tecogen Inc. (New)            R,Allemagne,0,,A_VERIFIER
CKW.F,Chu Kong Ship.Ent.(Grp)Co.Ltd.R,Allemagne,0,,A_VERIFIER
CAJ1.F,"Casino,Guichard-Perrachon S.A.A",Allemagne,0,,A_VERIFIER
7BL.F,Blue Lagoon Resources Inc.    R,Allemagne,0,,A_VERIFIER
UNE.F,First US Bancshares Inc.      R,Allemagne,793,0000717806,A_VERIFIER
ON0.F,DelfinGroup SIA               R,Allemagne,0,,A_VERIFIER
014.F,Rand Mining Ltd.              R,Allemagne,0,,A_VERIFIER
014.SG,Rand Mining Ltd.,Allemagne,0,,A_VERIFIER
LB8.F,Mitchell Services Ltd.        R,Allemagne,0,,A_VERIFIER
BUU.F,Devex Resources Ltd.          R,Allemagne,0,,A_VERIFIER
99C.F,Casta Diva Group S.p.A.       A,Allemagne,0,,A_VERIFIER
GLH.F,GOLDLION HOLDINGS LTD.        R,Allemagne,0,,A_VERIFIER
LWA.F,Eco Animal Health Group PLC   R,Allemagne,0,,A_VERIFIER
RHGN.F,CN Agri-Products Exchange Ltd.R,Allemagne,0,,A_VERIFIER
940.F,EuroAPI SAS                   A,Allemagne,0,,A_VERIFIER
H57.F,Asuntosalkku Oyj              R,Allemagne,0,,A_VERIFIER
NO30.F,Noodles & Co.                 R,Allemagne,1312,0001275158,A_VERIFIER
SO0.F,Being Holdings Co. Ltd        R,Allemagne,0,,A_VERIFIER
14B0.F,Huddly AS                     N,Allemagne,0,,A_VERIFIER
2620.F,Juno International Corp.      R,Allemagne,0,,A_VERIFIER
EMD.F,ENM Holdings Ltd.             R,Allemagne,0,,A_VERIFIER
JX0.SG,Bien Sparebank ASA,Allemagne,0,,A_VERIFIER
F7Y.F,Gaush Meditech Ltd.           R,Allemagne,0,,A_VERIFIER
KJ7A.F,BCP Investment Corp.          R,Allemagne,280,0001372807,A_VERIFIER
YOE.MU,Pieno Zvaigzdes AB            R,Allemagne,0,,A_VERIFIER
T810.F,ZG Group                      R,Allemagne,0,,A_VERIFIER
VOP.F,Investigator Silver Ltd.      R,Allemagne,0,,A_VERIFIER
1L0.F,Audioeye Inc.                 R,Allemagne,1119,0001362190,A_VERIFIER
6FZ0.SG,Havila Kystruten AS,Allemagne,0,,A_VERIFIER
L5B.F,Torque Metals Limited         R,Allemagne,0,,A_VERIFIER
19YA.F,Yiren Digital Ltd.            R,Allemagne,232,0001631761,A_VERIFIER
GAD.F,GAM Holding AG                N,Allemagne,0,,A_VERIFIER
Z8J.SG,ICAPE HOLDING,Allemagne,0,,A_VERIFIER
1CA0.F,Componenta Corp.              R,Allemagne,0,,A_VERIFIER
0PI.F,Pioneer Credit Ltd.           R,Allemagne,0,,A_VERIFIER
VP4.F,Vistin Pharma ASA             N,Allemagne,0,,A_VERIFIER
TD8.SG,Triad Group PLC,Allemagne,0,,A_VERIFIER
SEF0.F,Byrna Technologies Inc.       R,Allemagne,1293,0001354866,A_VERIFIER
9VP.SG,Vranken Pommery Monopole SA,Allemagne,0,,A_VERIFIER
PW5.F,Powerlong Real Est.Hldgs Ltd. R,Allemagne,0,,A_VERIFIER
RAP.F,RAPALA VMC OYJ                R,Allemagne,0,,A_VERIFIER
Z8J.F,ICAPE HOLDING                 A,Allemagne,0,,A_VERIFIER
STC.F,Caravel Minerals Ltd.         R,Allemagne,0,,A_VERIFIER
G1MN.F,Globex Mining Enterprises Inc.R,Allemagne,0,,A_VERIFIER
CKS2.F,GOME Retail Holdings Ltd.     R,Allemagne,0,,A_VERIFIER
CKS2.SG,GOME Retail Holdings Ltd.,Allemagne,0,,A_VERIFIER
3WX.F,MediaCo Holding Inc.          R,Allemagne,480,0001784254,A_VERIFIER
HCE.F,HusCompagniet A/S             N,Allemagne,0,,A_VERIFIER
TF8.F,Marygold Companies Inc.       R,Allemagne,1055,0001005101,A_VERIFIER
MTB0.F,CareCloud Inc.                R,Allemagne,907,0001582982,A_VERIFIER
IJM.SG,Athos Immobilien AG,Allemagne,0,,A_VERIFIER
S1Q.F,Qingda Oriental Group Co. Ltd.R,Allemagne,0,,A_VERIFIER
W1M.F,SINGAPORE SHIPPING CORP. LTD. R,Allemagne,0,,A_VERIFIER
XE7C.F,Cardiff Oncology Inc.         R,Allemagne,1353,0001213037,A_VERIFIER
5HN.F,SPEEDY HIRE PLC               R,Allemagne,0,,A_VERIFIER
3GX.F,HF Foods Group Inc.           R,Allemagne,728,0001680873,A_VERIFIER
EQ4.F,F-TECH INC.                   R,Allemagne,0,,A_VERIFIER
Y7I.F,Haugesund Sparebank           N,Allemagne,0,,A_VERIFIER
X5X.F,Techno Horizon Co. Ltd.       R,Allemagne,0,,A_VERIFIER
7GD.F,Geodrill Ltd.                 R,Allemagne,0,,A_VERIFIER
F7K.F,Maronan Metals Ltd.           R,Allemagne,0,,A_VERIFIER
3IYA.F,Crypto Flow Technology Ltd.   R,Allemagne,0,,A_VERIFIER
43Y.F,Shepherd Neame Ltd.           R,Allemagne,0,,A_VERIFIER
0DY.F,"FLANIGANS ENTER. DL-,1",Allemagne,0,,A_VERIFIER
2T8.F,Townsquare Media Inc.         R,Allemagne,953,0001499832,A_VERIFIER
04T.F,Tian Ge Interactive Hldgs Ltd.R,Allemagne,0,,A_VERIFIER
51L.F,LGL Group Inc.                R,Allemagne,1161,0000061004,A_VERIFIER
QE1.F,Questerre Energy Corp.        R,Allemagne,0,,A_VERIFIER
6JC.F,James Cropper PLC             R,Allemagne,0,,A_VERIFIER
Q29.F,PhenixFIN Corp.               R,Allemagne,197,0001490349,A_VERIFIER
ZE6.F,PesoRama Inc.                 R,Allemagne,0,,A_VERIFIER
4G8.F,GUERBET S.A.                  A,Allemagne,0,,A_VERIFIER
O29.F,PLC S.p.A.                    A,Allemagne,0,,A_VERIFIER
E5T.F,Eurotech S.p.A.               A,Allemagne,0,,A_VERIFIER
NF00.F,New Fortress Energy Inc.      R,Allemagne,787,0001749723,A_VERIFIER
L1PA.F,Lee s Pharmaceutical Hldgs LtdR,Allemagne,0,,A_VERIFIER
TJI.F,Dynasty Digital Holdings Ltd. R,Allemagne,0,,A_VERIFIER
CQH3.F,Cheuk Nang Holdings Ltd.      R,Allemagne,0,,A_VERIFIER
X0T.F,DEL MONTE PACIFIC LTD.        R,Allemagne,0,,A_VERIFIER
4QU.F,Orthex Oyj                    R,Allemagne,0,,A_VERIFIER
T57.F,Trace group Hold AD - Sofia   R,Allemagne,0,,A_VERIFIER
929.F,Topps Tiles PLC               R,Allemagne,0,,A_VERIFIER
HA5.F,China Harmony Auto Holding LtdR,Allemagne,0,,A_VERIFIER
6WU.F,Sourcenext Corp.              R,Allemagne,0,,A_VERIFIER
OFZ.F,OFX Group Ltd.                R,Allemagne,0,,A_VERIFIER
SAT.F,Saga Pure ASA                 N,Allemagne,0,,A_VERIFIER
R8C.F,Raccoon Holdings Inc.         R,Allemagne,0,,A_VERIFIER
33Z.F,Zeder Investments Ltd.        R,Allemagne,0,,A_VERIFIER
XE1.F,AXON PARTNERS GROUP S.A.      A,Allemagne,0,,A_VERIFIER
74D.F,HLS Therapeutics Inc.         R,Allemagne,0,,A_VERIFIER
OXQ1.F,Arq Inc.                      R,Allemagne,1137,0001515156,A_VERIFIER
51M.F,Lacroix Group S.A.            A,Allemagne,0,,A_VERIFIER
S4O0.F,Source Energy Services Ltd.   R,Allemagne,0,,A_VERIFIER
5S0A.F,Thinkific Labs Inc.           R,Allemagne,0,,A_VERIFIER
MK60.F,Here Group Ltd.               R,Allemagne,89,0001932770,A_VERIFIER
MPO.F,Michelmersh Brick Holdings PLCR,Allemagne,0,,A_VERIFIER
4WK.F,Wenzhou Kangning Hospital Ltd.R,Allemagne,0,,A_VERIFIER
TGX.F,Talga Group Ltd.              R,Allemagne,0,,A_VERIFIER
AGRA.F,AGROB Immobilien AG           I,Allemagne,0,,A_VERIFIER
A4P.F,Alpine Select AG              N,Allemagne,0,,A_VERIFIER
1FT.F,Sitowise Group OYJ            R,Allemagne,0,,A_VERIFIER
Q0Z.F,Empery Digital Inc.           R,Allemagne,356,0001829794,A_VERIFIER
GRR.F,Grange Resources Ltd.         R,Allemagne,0,,A_VERIFIER
8BCN.SG,BCPG Public Company Ltd. (NVDRs,Allemagne,0,,A_VERIFIER
O6Q0.F,Dellia Group ASA              N,Allemagne,0,,A_VERIFIER
S1P.F,S.D. Standard ETC PLC         N,Allemagne,0,,A_VERIFIER
IUL.F,IMMUCELL CORP.                R,Allemagne,0,,A_VERIFIER
7TQ0.F,Upexi Inc.                    R,Allemagne,358,0001775194,A_VERIFIER
74C.F,CROSSJECT S.A.                A,Allemagne,0,,A_VERIFIER
KBP0.F,JX Luxventure Group Inc.      R,Allemagne,154,0001546383,A_VERIFIER
R0C.F,Freetrailer Group A/S         N,Allemagne,0,,A_VERIFIER
QO80.F,FitLife Brands Inc.           R,Allemagne,1183,0001374328,A_VERIFIER
HBS.F,Delfingen                     A,Allemagne,0,,A_VERIFIER
9LG0.F,Norse Atlantic ASA            N,Allemagne,0,,A_VERIFIER
PNF.F,PININFARINA S.P.A.            A,Allemagne,0,,A_VERIFIER
276.F,Sif Holding N.V.              R,Allemagne,0,,A_VERIFIER
4AS.F,Atlantic Sapphire ASA         N,Allemagne,0,,A_VERIFIER
7DK.F,China Ind.Sec.Int.Fin.Grp.Ltd.R,Allemagne,0,,A_VERIFIER
0PL.F,Xtract One Technologies Inc.  R,Allemagne,0,0001684505,A_VERIFIER
UQ6.SG,Voss Veksel-OG Landmandsb.,Allemagne,0,,A_VERIFIER
A2R.F,Accent Resources N.L.         R,Allemagne,0,,A_VERIFIER
213.F,Vow ASA                       N,Allemagne,0,,A_VERIFIER
C2I0.F,HK.AI Capital Ltd.            R,Allemagne,0,,A_VERIFIER
95H.F,I Grandi Viaggi SpA           A,Allemagne,0,,A_VERIFIER
9Q9.F,Azerion Group N.V.            A,Allemagne,0,,A_VERIFIER
AJN.F,Ajisen (China) Holdings Ltd.  R,Allemagne,0,,A_VERIFIER
0AP.F,Appeninn Vag.Holding Ny.M.Res.N,Allemagne,0,,A_VERIFIER
9OI.F,Orior AG                      N,Allemagne,0,,A_VERIFIER
1VF0.F,Grown Rogue International Inc.R,Allemagne,0,,A_VERIFIER
5UH.F,Made Tech Group PLC           R,Allemagne,0,,A_VERIFIER
AW4.F,Heidmar Maritime Hldgs. Corp. R,Allemagne,0,,A_VERIFIER
08IA.F,iDreamSky Technology Holdings R,Allemagne,0,,A_VERIFIER
KEW.SG,Kewaunee Scientific Corp.,Allemagne,0,,A_VERIFIER
HKC.F,Hongkong Chinese Ltd.         R,Allemagne,0,,A_VERIFIER
P1M.F,Peninsula Energy Ltd.         R,Allemagne,0,,A_VERIFIER
53G.F,Empress Royalty Corp.         R,Allemagne,0,,A_VERIFIER
RF5.F,RF INDUSTRIES LTD.            R,Allemagne,0,,A_VERIFIER
KEC.F,KECK SENG INVEST. (HK) LTD.   R,Allemagne,0,,A_VERIFIER
F1B.F,LHYFE S.A.                    A,Allemagne,0,,A_VERIFIER
K7A.F,Kingdom Holdings Ltd.         R,Allemagne,0,,A_VERIFIER
A8P.F,Agile Group Holdings Ltd.     R,Allemagne,0,,A_VERIFIER
A02.F,Adways Inc.                   R,Allemagne,0,,A_VERIFIER
S2N.F,Shenguan Holdings Group Ltd   R,Allemagne,0,,A_VERIFIER
ST9.F,Steppe Cement Ltd.            R,Allemagne,0,,A_VERIFIER
1H7.F,Demae-Can Co. Ltd.            R,Allemagne,0,,A_VERIFIER
MD0.F,Halmont Properties Corp.      R,Allemagne,0,,A_VERIFIER
3FS.F,Kalray SA                     A,Allemagne,0,,A_VERIFIER
4C30.F,CMBC Capital Holdings Ltd.    R,Allemagne,0,,A_VERIFIER
UH40.F,Iondrive Ltd.                 R,Allemagne,0,,A_VERIFIER
19C.F,Caesarstone Ltd.              R,Allemagne,251,0001504379,A_VERIFIER
G5HA.F,Guangzhou R&F Proper. Co. Ltd.R,Allemagne,0,,A_VERIFIER
6Q1.F,Omda AS                       N,Allemagne,0,,A_VERIFIER
8VJ.F,Ascend Wellness Holdings Inc. R,Allemagne,0,,A_VERIFIER
1Q2.F,Tat Hong Equipm.Srv.Co. Ltd.  R,Allemagne,0,,A_VERIFIER
8PF.F,Pathfinder Bancorp Inc.       R,Allemagne,529,0001609065,A_VERIFIER
5K9.F,Braemar PLC                   R,Allemagne,0,,A_VERIFIER
AT20.F,Atara Biotherapeutics Inc.    R,Allemagne,852,0001604464,A_VERIFIER
9IRA.F,Broadwind Inc.                R,Allemagne,905,0001120370,A_VERIFIER
KEW.F,KEWAUNEE SCIENTIFIC CORP.     R,Allemagne,0,,A_VERIFIER
86C.F,Biotalys NV                   A,Allemagne,0,,A_VERIFIER
H2Y.F,Capital Environment Hldgs Ltd.R,Allemagne,0,,A_VERIFIER
PST0.F,Innovate Corp.                R,Allemagne,1488,0001006837,A_VERIFIER
2W9.F,Zerostack Corp.               R,Allemagne,0,0001790169,A_VERIFIER
JX0.F,Bien Sparebank ASA            N,Allemagne,0,,A_VERIFIER
L4B0.F,Borealis Mining Co. Ltd.      R,Allemagne,0,,A_VERIFIER
I0P0.F,wrkr Ltd.                     R,Allemagne,0,,A_VERIFIER
TQZA.F,Technical Olympic S.A.        N,Allemagne,0,,A_VERIFIER
1U6.F,Chapel Down Group PLC         R,Allemagne,0,,A_VERIFIER
FDU.F,Commercial Vehicle Group Inc. R,Allemagne,0,,A_VERIFIER
3EO.F,Evolution PowerX Corp.        R,Allemagne,0,,A_VERIFIER
0FZ.F,Alligator Energy Ltd.         R,Allemagne,0,,A_VERIFIER
E40.F,Finder Energy Holdings Ltd.   R,Allemagne,0,,A_VERIFIER
RAUA.F,RAUTE OY                      R,Allemagne,0,,A_VERIFIER
6H1.F,Unify Group S.A.              A,Allemagne,0,,A_VERIFIER
1H3.MU,SunHydrogen Inc.              R,Allemagne,997,0001481028,A_VERIFIER
SMI.F,Tian An Medicare Ltd.         R,Allemagne,0,,A_VERIFIER
59N.F,NPC Incorporated              R,Allemagne,0,,A_VERIFIER
BJDH.F,Bj.b.Jade Bird Uni.Sci-T.Co.L.R,Allemagne,0,,A_VERIFIER
MF1.F,Canbridge Pharmaceuticals Inc.R,Allemagne,0,,A_VERIFIER
5YO.F,iFabric Corp.                 R,Allemagne,0,,A_VERIFIER
3C1.F,Carbios S.A.                  A,Allemagne,0,,A_VERIFIER
2Y5.F,Endava Ltd.                   R,Allemagne,0,,A_VERIFIER
3SD.F,Sino-Ocean Group Holding Ltd. R,Allemagne,0,,A_VERIFIER
RU8.F,Renascor Resources Ltd        R,Allemagne,0,,A_VERIFIER
OSP2.HM,USU Ventures AG               I,Allemagne,0,,A_VERIFIER
N09.F,Novus Holdings Ltd.           R,Allemagne,0,,A_VERIFIER
QAT2.F,Stabilis Solutions Inc.       R,Allemagne,1155,0001043186,A_VERIFIER
80Y.F,Wynnstay Group PLC            R,Allemagne,0,,A_VERIFIER
H9G.F,Hansard Global PLC            R,Allemagne,0,,A_VERIFIER
UH9.F,Beyond Oil Ltd.               R,Allemagne,0,,A_VERIFIER
FZ70.F,Brazilian Critical Miner. Ltd.R,Allemagne,0,,A_VERIFIER
NYY.F,NWF Group PLC                 R,Allemagne,0,,A_VERIFIER
SJY.F,Golden Bridge Group Hldgs.Ltd.R,Allemagne,0,,A_VERIFIER
JMD.F,Jp.Medi.Dynamic Marketing Inc.R,Allemagne,0,,A_VERIFIER
4U8.F,Inspired Entertainment Inc.   R,Allemagne,870,0001615063,A_VERIFIER
2U0.F,SOGECLAIR S.A.                A,Allemagne,0,,A_VERIFIER
RT70.F,Brave Bison Group PLC         R,Allemagne,0,,A_VERIFIER
Y2O.F,Papoutsanis S.A.              N,Allemagne,0,,A_VERIFIER
M36.F,Lemonsoft Oyj                 R,Allemagne,0,,A_VERIFIER
H0U.F,Singular People S.A.          A,Allemagne,0,,A_VERIFIER
42V.F,Braemar Hotels & Resorts Inc. R,Allemagne,0,,A_VERIFIER
51J.F,VivoPower PLC                 R,Allemagne,203,0001681348,A_VERIFIER
RNE1.F,Gaming Realms PLC             R,Allemagne,0,,A_VERIFIER
CAG0.HM,Clere AG                      N,Allemagne,0,,A_VERIFIER
2I6.F,Indel B S.p.A.                A,Allemagne,0,,A_VERIFIER
TBCN.F,TVB Ltd.                      R,Allemagne,0,,A_VERIFIER
K6V0.F,Unidata S.p.A.                A,Allemagne,0,,A_VERIFIER
LYD.F,Intercede Group PLC           R,Allemagne,0,,A_VERIFIER
D08.F,STIF                          A,Allemagne,0,,A_VERIFIER
PN21.F,Patriot Bank N.A.             R,Allemagne,0,,A_VERIFIER
YC0.F,Great Boulder Resources Ltd   R,Allemagne,0,,A_VERIFIER
2CS.F,China Silver Group Ltd        R,Allemagne,0,,A_VERIFIER
P731.F,Medexus Pharmaceuticals Inc.  R,Allemagne,0,,A_VERIFIER
H7C.F,Star Holdings                 R,Allemagne,241,0001953366,A_VERIFIER
9P60.F,Blue Ant Media Corp.          R,Allemagne,0,,A_VERIFIER
8KS.F,Lumi Gruppen AS               N,Allemagne,0,,A_VERIFIER
Q51.F,Altea Green Power S.p.A.      A,Allemagne,0,,A_VERIFIER
B4V.F,ArcticZymes Technologies ASA  N,Allemagne,0,,A_VERIFIER
DJX.F,PISCINES DESJOYAUX S.A.       A,Allemagne,0,,A_VERIFIER
TUQ1.F,Tucows Inc.                   R,Allemagne,0,,A_VERIFIER
KI9A.F,Anpario PLC                   R,Allemagne,0,,A_VERIFIER
LFX.F,La Francaise de L'Energie     A,Allemagne,0,,A_VERIFIER
9V0.F,Hardide PLC                   R,Allemagne,0,,A_VERIFIER
88A.F,Ateam Holdings Co. Ltd.       R,Allemagne,0,,A_VERIFIER
VAD.F,SCP Standard Cap.Partners AG  I,Allemagne,0,,A_VERIFIER
17V.F,Venture Life Group PLC        R,Allemagne,0,,A_VERIFIER
AD5.F,Advanced Engineered Materials R,Allemagne,0,,A_VERIFIER
BOV.F,Apyx Medical Corp.            R,Allemagne,1375,0000719135,A_VERIFIER
9K0.F,Avation PLC                   R,Allemagne,0,,A_VERIFIER
GHH.F,Geox S.p.A.                   A,Allemagne,0,,A_VERIFIER
90N.F,AFYREN SAS                    A,Allemagne,0,,A_VERIFIER
5GO.F,Shimao Services Holdings Ltd. R,Allemagne,0,,A_VERIFIER
3S7.F,Syrah Resources Ltd.          R,Allemagne,0,,A_VERIFIER
LYG.F,IG Design Group PLC           R,Allemagne,0,,A_VERIFIER
918.F,SoundThinking Inc.            R,Allemagne,783,0001351636,A_VERIFIER
NO9.MU,NORCOD AS                     N,Allemagne,0,,A_VERIFIER
HD8.F,AS Harju Elekter              R,Allemagne,0,,A_VERIFIER
6YD0.F,Redcentric PLC                R,Allemagne,0,,A_VERIFIER
42U.F,Enersense International OYJ.  R,Allemagne,0,,A_VERIFIER
C7UA.F,Calida Holding AG             N,Allemagne,0,,A_VERIFIER
ULB.F,Ultralife Corp.               R,Allemagne,1127,0000875657,A_VERIFIER
BPA0.F,Banca Profilo S.p.A.          A,Allemagne,0,,A_VERIFIER
LLI.F,LAKELAND INDUSTRIES INC.      R,Allemagne,1117,0000798081,A_VERIFIER
96M.F,Gigante Salmon AS             N,Allemagne,0,,A_VERIFIER
2MK.F,Klingelnberg AG               N,Allemagne,0,,A_VERIFIER
MYE0.F,MaxCyte Inc.                  R,Allemagne,503,0001287098,A_VERIFIER
0KP.F,Bulgarian Stock Exchange (BSE)R,Allemagne,0,,A_VERIFIER
TJ9.F,Cityvarasto OY                R,Allemagne,0,,A_VERIFIER
0JL.SG,Alumasc Group PLC,Allemagne,0,,A_VERIFIER
S9S.F,IPAS Indexo                   B,Allemagne,0,,A_VERIFIER
1LFA.F,LexinFintech Holdings Ltd.    R,Allemagne,200,0001708259,A_VERIFIER
7OC0.F,Insight Molecular Diagno. Inc.R,Allemagne,0,,A_VERIFIER
YMI.F,Yellow Pages Ltd.             R,Allemagne,0,,A_VERIFIER
D13.F,DIRTT Environmen.Solutions LtdR,Allemagne,0,,A_VERIFIER
6UH.F,Ionic Rare Earths Ltd.        R,Allemagne,0,,A_VERIFIER
21V.F,Terra Metals Ltd.             R,Allemagne,0,,A_VERIFIER
918.SG,Shotspotter Inc.,Allemagne,0,,A_VERIFIER
26U.F,Curatis Holding AG            V,Allemagne,0,,A_VERIFIER
4HB.F,Honghua Group Ltd.            R,Allemagne,0,,A_VERIFIER
7FA0.F,KULR Technology Group Inc.    R,Allemagne,798,0001662684,A_VERIFIER
6W8.F,Empire Petroleum Corp.        R,Allemagne,1022,0000887396,A_VERIFIER
I8O.F,Jutal Offshore Oil Services LtR,Allemagne,0,,A_VERIFIER
RJR1.F,Stereotaxis Inc.              R,Allemagne,1105,0001289340,A_VERIFIER
CW70.F,Shougang Century Holdings Ltd.R,Allemagne,0,,A_VERIFIER
4RO.F,Roots Corp.                   R,Allemagne,0,,A_VERIFIER
73Z.F,Ellington Credit Co.          R,Allemagne,943,0001560672,A_VERIFIER
4W3.F,West Wits Mining Ltd.         R,Allemagne,0,,A_VERIFIER
VK2.SG,Aurskog Sparebank,Allemagne,0,,A_VERIFIER
MKU0.F,Peking University Res(Hldgs)CoR,Allemagne,0,,A_VERIFIER
VON.F,Vocento                       A,Allemagne,0,,A_VERIFIER
67N0.F,Edding Genor Group Hldgs. Ltd.R,Allemagne,0,,A_VERIFIER
KUD.F,KUDELSKI S.A.                 I,Allemagne,0,,A_VERIFIER
M3K0.F,Mig Holdings S.A.             N,Allemagne,0,,A_VERIFIER
RBW.F,ROBERT WALTERS PLC            R,Allemagne,0,,A_VERIFIER
O8V.F,Gala Technology Holding Ltd.  R,Allemagne,0,,A_VERIFIER
PUD.F,Pulse Seismic Inc.            R,Allemagne,0,,A_VERIFIER
51B.F,Bioventix PLC                 R,Allemagne,0,,A_VERIFIER
NWF0.F,Western Forest Products Inc.  R,Allemagne,0,,A_VERIFIER
5A40.F,Orion Energy Systems Inc.     R,Allemagne,1460,0001409375,A_VERIFIER
AX1.F,Sipai Health Technology Co.LtdR,Allemagne,0,,A_VERIFIER
88J.F,COMPAGNIE LEBON S.A.          A,Allemagne,0,,A_VERIFIER
6WT.F,Tongdao Liepin Group Co. Ltd. R,Allemagne,0,,A_VERIFIER
KUL.MU,KULMBACHER BRAUEREI AG        I,Allemagne,0,,A_VERIFIER
RTE.F,RTX A/S                       N,Allemagne,0,,A_VERIFIER
PAJA.F,GLINTT-Gl.Intellig.Technol.SA A,Allemagne,0,,A_VERIFIER
SCP.F,Scancell Holdings PLC         R,Allemagne,0,,A_VERIFIER
36A.F,Unifi Inc.                    R,Allemagne,1528,0000100726,A_VERIFIER
6TI.SG,Frasers Property (Thailand) Ltd,Allemagne,0,,A_VERIFIER
4ER.F,Fenix Resources Ltd.          R,Allemagne,0,,A_VERIFIER
6DT.F,Detection Technology Oyj      R,Allemagne,0,,A_VERIFIER
WZ2.F,Keep Inc.                     R,Allemagne,0,,A_VERIFIER
6YH.F,Sopharma Trading AD           R,Allemagne,0,,A_VERIFIER
5VT0.F,vTv Therapeutics Inc.         R,Allemagne,904,0001641489,A_VERIFIER
T28.F,Audioboom Group PLC           R,Allemagne,0,,A_VERIFIER
6LY.F,Wuling Motors Holdings Ltd.   R,Allemagne,0,,A_VERIFIER
DF5B.F,Duro Felguera S.A.            A,Allemagne,0,,A_VERIFIER
NVAI.F,Loxley PCL                    R,Allemagne,0,,A_VERIFIER
9WR.F,OMER S.P.A.                   A,Allemagne,0,,A_VERIFIER
49Q.DU,ZenaTech Inc.                 R,Allemagne,18,0001997403,A_VERIFIER
CJB.F,Carnarvon Energy Ltd.         R,Allemagne,0,,A_VERIFIER
1KC.F,Western Investment Company of R,Allemagne,0,,A_VERIFIER
4CN.F,Team Internet Group PLC       R,Allemagne,0,,A_VERIFIER
K7N.F,Rizhao Port Jurong Co. Ltd.   R,Allemagne,0,,A_VERIFIER
26Q.F,Aqualis ASA                   N,Allemagne,0,,A_VERIFIER
8MN.F,Linmon Media Ltd.             R,Allemagne,0,,A_VERIFIER
HRT.F,SHERRITT INTERNATIONAL CORP.  R,Allemagne,0,,A_VERIFIER
LQG.F,Accesso Technology Group PLC  R,Allemagne,0,,A_VERIFIER
9RT.F,BETR Entertainment Ltd.       R,Allemagne,0,,A_VERIFIER
O5U.F,GoldMoney Inc.                R,Allemagne,0,,A_VERIFIER
SJ60.F,Victory Metals Ltd.           R,Allemagne,0,,A_VERIFIER
XXH.F,SSH Communications Securit.OyjR,Allemagne,0,,A_VERIFIER
GJ60.F,Komplett ASA                  N,Allemagne,0,,A_VERIFIER
PAJA.SG,Glintt - Global Intelligent Tec,Allemagne,0,,A_VERIFIER
6W7.F,Aquafil S.p.A.                A,Allemagne,0,,A_VERIFIER
C7B.F,China New City Commer.Dev.Ltd.R,Allemagne,0,,A_VERIFIER
52U.F,Hyloris Pharmaceutic. S.A.    A,Allemagne,0,,A_VERIFIER
8CN.F,China New Higher Ed.Grp Ltd.  R,Allemagne,0,,A_VERIFIER
PC9.F,Decisive Dividend Corp.       R,Allemagne,0,,A_VERIFIER
B94.F,6K Additive Inc.              R,Allemagne,0,,A_VERIFIER
GGI1.F,Beijing Energy Int.Hld.Co.Ltd.R,Allemagne,0,,A_VERIFIER
DM5.F,DMC Global Inc.               R,Allemagne,1338,0000034067,A_VERIFIER
W6O.F,Wintermar Offshore Marine TBK R,Allemagne,0,,A_VERIFIER
LZO1.F,Societa Sportiva Lazio S.p.A. A,Allemagne,0,,A_VERIFIER
3XU.F,Huijing Holdings Company Ltd  R,Allemagne,0,,A_VERIFIER
B40.F,Tiny Ltd.                     R,Allemagne,0,0001836775,A_VERIFIER
09B.F,lastminute.com NV             A,Allemagne,0,,A_VERIFIER
OUY.F,Solid State PLC               R,Allemagne,0,,A_VERIFIER
DR7.F,Hoyne Bancorp Inc.            R,Allemagne,41,0002073153,A_VERIFIER
8YN.F,Currency Exchange Intl Corp.  R,Allemagne,0,,A_VERIFIER
4T2.F,TRACSiS PLC                   R,Allemagne,0,,A_VERIFIER
5NN.F,NNIT A/S                      N,Allemagne,0,,A_VERIFIER
05S.F,Adriano Care Socimi SA        A,Allemagne,0,,A_VERIFIER
WL8.F,Valsoia S.p.A.                A,Allemagne,0,,A_VERIFIER
OA8.F,Enablence Technologies Inc.   R,Allemagne,0,,A_VERIFIER
SY4.F,Ascent Industries Co.         R,Allemagne,1057,0000095953,A_VERIFIER
597.F,Bocom Internat. Hldgs.Co. Ltd.R,Allemagne,0,,A_VERIFIER
T9CA.F,Team Inc.                     R,Allemagne,1409,0000318833,A_VERIFIER
5ZW.F,Helens International Holdings R,Allemagne,0,,A_VERIFIER
RMP1.SG,RM PLC,Allemagne,0,,A_VERIFIER
5I2.F,Gateley (Holdings) PLC        R,Allemagne,0,,A_VERIFIER
UKC.F,CASH CONVERTERS INTERNATL LTD.R,Allemagne,0,,A_VERIFIER
V5P.F,VYTRUS BIOTECH S.A.           A,Allemagne,0,,A_VERIFIER
QIG.F,SIG PLC                       R,Allemagne,0,,A_VERIFIER
MD8.F,Coast Entertainment Hold. Ltd.R,Allemagne,0,,A_VERIFIER
6J4.F,AXYZ CO. LTD.                 R,Allemagne,0,,A_VERIFIER
8YK.F,EXEL INDUSTRIES S.A.          A,Allemagne,0,,A_VERIFIER
CQ1.F,Cygnus Metals Ltd.            R,Allemagne,0,,A_VERIFIER
XEUA.F,KSH Holdings Ltd.             R,Allemagne,0,,A_VERIFIER
RCO.F,RESOURCES CONNECTION INC.     R,Allemagne,1258,0001084765,A_VERIFIER
U7Y.F,GL-Carlink Technology Holding R,Allemagne,0,,A_VERIFIER
5LC.F,Sicily by Car S.p.A.          A,Allemagne,0,,A_VERIFIER
DW51.F,Aemetis Inc.                  R,Allemagne,1171,0000738214,A_VERIFIER
MDF.F,MEDIFAST INC.                 R,Allemagne,1453,0000910329,A_VERIFIER
3WY.F,Roadside Real Estate PLC      R,Allemagne,0,,A_VERIFIER
19R.F,SRP Groupe                    A,Allemagne,0,,A_VERIFIER
SD0.F,SDI Group PLC                 R,Allemagne,0,,A_VERIFIER
2S1.F,AIRBOSS OF AMERICA CORP.      R,Allemagne,0,,A_VERIFIER
8TY0.F,Exel Composites Oyj           R,Allemagne,0,,A_VERIFIER
0N9.F,Patagonia Gold Corp.          R,Allemagne,0,,A_VERIFIER
L97.F,Yonghe Medical Group Co. Ltd. R,Allemagne,0,,A_VERIFIER
CBZ.F,Capral Ltd.                   R,Allemagne,0,,A_VERIFIER
SOE1.F,Sanden Corp.                  R,Allemagne,0,,A_VERIFIER
4LZ.F,Piquadro S.p.A.               A,Allemagne,0,,A_VERIFIER
DY8.F,DouYu International Holdings LR,Allemagne,0,,A_VERIFIER
9B4.F,Freelance.com                 A,Allemagne,0,,A_VERIFIER
92I.F,Romerike Sparebank            N,Allemagne,0,,A_VERIFIER
YY8.F,Stealth Group Holdings Ltd.   R,Allemagne,0,,A_VERIFIER
5VB.F,Nykode Therapeutics ASA       N,Allemagne,0,,A_VERIFIER
1ZV.F,AmeriTrust Fin.Technology Inc.R,Allemagne,0,,A_VERIFIER
LYF.F,EKF Diagnostics Holdings PLC  R,Allemagne,0,,A_VERIFIER
5YI.F,Nyxoah S.A.                   A,Allemagne,0,,A_VERIFIER
KGR.F,LEWAG HOLDING AG              I,Allemagne,0,,A_VERIFIER
NH7.SG,Netcare Ltd.,Allemagne,0,,A_VERIFIER
11B.F,Advance Terrafund REIT        I,Allemagne,0,,A_VERIFIER
1GK.F,GateKeeper Systems Inc.       R,Allemagne,0,,A_VERIFIER
CAA.F,Cafom S.A.                    A,Allemagne,0,,A_VERIFIER
KF60.F,Videndum PLC                  R,Allemagne,0,,A_VERIFIER
E1V.MU,Eidesvik Offshore ASA         N,Allemagne,0,,A_VERIFIER
5U2.F,CYBERTRUST JAPAN CO. LTD.     R,Allemagne,0,,A_VERIFIER
6AU.F,"TBS Energi Utama Tbk, PT      R",Allemagne,0,,A_VERIFIER
PCHP.F,SERI INDUSTRIAL S.p.A.        A,Allemagne,0,,A_VERIFIER
WHE.F,Pacific Textiles Hldgs Ltd.   R,Allemagne,0,,A_VERIFIER
EK4.F,EMAK S.P.A.                   A,Allemagne,0,,A_VERIFIER
BDO.F,Clarus Corp.                  R,Allemagne,1383,0000913277,A_VERIFIER
LOO.F,Look Holdings Inc.            R,Allemagne,0,,A_VERIFIER
CCDG.SG,Cal-Comp Electronics Thailand P,Allemagne,0,,A_VERIFIER
7F9.F,Genesis Land Development Corp.R,Allemagne,0,,A_VERIFIER
TPM0.F,Tonix Pharma. Holding Corp.   R,Allemagne,0,,A_VERIFIER
8KH.F,Torex Semiconductor Ltd.      R,Allemagne,0,,A_VERIFIER
KEBA.F,Kencana Agri Ltd.             R,Allemagne,0,,A_VERIFIER
DGL.F,Dynagas LNG Partners L.P.     R,Allemagne,0,,A_VERIFIER
5UP.F,KEYRUS S.A.                   A,Allemagne,0,,A_VERIFIER
TC1.HM,Tele Columbus AG              N,Allemagne,0,,A_VERIFIER
0LT.F,Leoch International TechnologyR,Allemagne,0,,A_VERIFIER
0L3.F,Severfield PLC                R,Allemagne,0,,A_VERIFIER
IF7.F,Iofina PLC                    R,Allemagne,0,,A_VERIFIER
2YP.F,Health Catalyst Inc.          R,Allemagne,580,0001636422,A_VERIFIER
MVX.F,Tata Steel (Thailand) PCL     R,Allemagne,0,,A_VERIFIER
ACS.F,ATHENS MEDICAL CENTER S.A.    N,Allemagne,0,,A_VERIFIER
1BHA.F,American Rare Earths Ltd.     R,Allemagne,0,,A_VERIFIER
CI0.F,Aurrigo International PLC     R,Allemagne,0,,A_VERIFIER
BDG.F,Beijing Urban Cons.D.+Dev.Grp R,Allemagne,0,,A_VERIFIER
2U2.F,UBM Development AG            I,Allemagne,0,,A_VERIFIER
PHS.F,PHOTOCURE ASA                 N,Allemagne,0,,A_VERIFIER
3S8.F,North Media A/S               N,Allemagne,0,,A_VERIFIER
ON6.F,HAIKI + S.p.A.                A,Allemagne,0,,A_VERIFIER
37B.F,B&C Speakers S.p.A.           A,Allemagne,0,,A_VERIFIER
IU8.MU,Zematijos Pienas AB           R,Allemagne,0,,A_VERIFIER
BSG0.F,Atlantic Lithium Ltd.         R,Allemagne,0,,A_VERIFIER
B2S.F,Banca Sistema S.p.A.          A,Allemagne,0,,A_VERIFIER
9EM.F,Elementos Ltd.                R,Allemagne,0,,A_VERIFIER
O3B.F,Yoma Strategic Holdings Ltd.  R,Allemagne,0,,A_VERIFIER
WY2.F,YAMAYA CORP.                  R,Allemagne,0,,A_VERIFIER
5M8.F,Mammoth Energy Services Inc.  R,Allemagne,958,0001679268,A_VERIFIER
E7L.F,Euroz Hartleys Group Ltd.     R,Allemagne,0,,A_VERIFIER
SO6.F,Hydreight Technologies Inc.   R,Allemagne,0,0001958389,A_VERIFIER
SUO.F,CWT International Ltd.        R,Allemagne,0,,A_VERIFIER
GM7.F,Gateway Mining Ltd.           R,Allemagne,0,,A_VERIFIER
HKQ.F,China Vered Financial Holding R,Allemagne,0,,A_VERIFIER
8OT.F,Douglas Elliman Inc.          R,Allemagne,427,0001878897,A_VERIFIER
3AC.F,Actinogen Medical Ltd.        R,Allemagne,0,,A_VERIFIER
3WQ0.F,Kenorland Minerals Ltd.       R,Allemagne,0,,A_VERIFIER
SE0.F,Golden Matrix Group Inc.      R,Allemagne,0,,A_VERIFIER
PLJ2.F,Playmates Holdings Ltd.       R,Allemagne,0,,A_VERIFIER
84F.F,Norsk Titanium AS             N,Allemagne,0,,A_VERIFIER
V3S.HM,Vectron Systems AG            I,Allemagne,0,,A_VERIFIER
G1V.F,MC Mining Ltd.                R,Allemagne,0,,A_VERIFIER
QIN.F,Qingling Motors Co. Ltd.      R,Allemagne,0,,A_VERIFIER
EGCA.F,eGain Corp.                   R,Allemagne,1469,0001066194,A_VERIFIER
22T.F,Oxford Square Capital Corp.   R,Allemagne,221,0001259429,A_VERIFIER
2NH.F,Naturhouse Health S.A.        A,Allemagne,0,,A_VERIFIER
17F.F,FDM Group (Holdings) PLC      R,Allemagne,0,,A_VERIFIER
I15.F,Telematik Interaktiv BalgariyaR,Allemagne,0,,A_VERIFIER
CI0.SG,Aurrigo International PLC,Allemagne,0,,A_VERIFIER
1GJ.F,First Guaranty Bancshares Inc.R,Allemagne,0,,A_VERIFIER
8NW.F,Newton Resources Ltd          R,Allemagne,0,,A_VERIFIER
65T.F,Fountaine Pajot SA            A,Allemagne,0,,A_VERIFIER
VAU.F,Varia US Properties AG        V,Allemagne,0,,A_VERIFIER
FZS.F,Fleetwood Ltd.                R,Allemagne,0,,A_VERIFIER
7YM.F,NSE S.A.                      A,Allemagne,0,,A_VERIFIER
B46.F,Intron Technology Holdings LtdR,Allemagne,0,,A_VERIFIER
KX4A.F,KLX Energy Services Hldgs Inc.R,Allemagne,0,,A_VERIFIER
WPK.F,Warehouses Estates Belgium SA A,Allemagne,0,,A_VERIFIER
FXG.F,Foxtons Group PLC             R,Allemagne,0,,A_VERIFIER
A10.F,Invinity Energy Systems Ltd.  R,Allemagne,0,,A_VERIFIER
KN6.F,KGL Resources Ltd.            R,Allemagne,0,,A_VERIFIER
C7D.F,Chanjet Inform.Techn.Co.Ltd.  R,Allemagne,0,,A_VERIFIER
PWE.F,PW Medtech Group Ltd.         R,Allemagne,0,,A_VERIFIER
27V0.F,Avantium N.V.                 B,Allemagne,0,,A_VERIFIER
T04.F,Titomic Ltd                   R,Allemagne,0,,A_VERIFIER
QZ2.F,Dexelance S.p.A.              A,Allemagne,0,,A_VERIFIER
91X.F,Gevorkyan s.r.o.              N,Allemagne,0,,A_VERIFIER
G12.F,Global Atomic Corp.           R,Allemagne,0,0001716410,A_VERIFIER
F5L.F,Humm Group Ltd.               R,Allemagne,0,,A_VERIFIER
957.F,Digital Hearts Holdings Co.LtdR,Allemagne,0,,A_VERIFIER
29C1.F,CareRx Corp.                  R,Allemagne,0,,A_VERIFIER
QC8.F,H-Power Plc                   R,Allemagne,0,,A_VERIFIER
2QR.F,QRF CVA                       A,Allemagne,0,,A_VERIFIER
0B0.F,CBo Territoria                A,Allemagne,0,,A_VERIFIER
SI7.F,SIFCO INDUSTRIES INC.         R,Allemagne,1111,0000090168,A_VERIFIER
ELI.F,Vera Bradley Inc.             R,Allemagne,1595,0001495320,A_VERIFIER
1X4.F,Motorpoint Group PLC          R,Allemagne,0,,A_VERIFIER
0CY.F,Masi Agricola S.p.A.          A,Allemagne,0,,A_VERIFIER
OCS1.F,Pharos Energy PLC             R,Allemagne,0,,A_VERIFIER
EP7.F,Evolution Petroleum Corp.     R,Allemagne,1274,0001006655,A_VERIFIER
TG1N.F,Armata Pharmaceuticals Inc.   R,Allemagne,885,0000921114,A_VERIFIER
PJ4A.F,ReposiTrak Inc.               R,Allemagne,1149,0000050471,A_VERIFIER
BI2.F,BIESSE S.P.A.                 A,Allemagne,0,,A_VERIFIER
5QA.F,DUG Technology Ltd.           R,Allemagne,0,,A_VERIFIER
HC2.F,HURCO COMPANIES INC.          R,Allemagne,1583,0000315374,A_VERIFIER
B0Z.F,Redelfi S.p.A.                A,Allemagne,0,,A_VERIFIER
Y87.F,Golconda Gold Ltd.            R,Allemagne,0,,A_VERIFIER
69R.F,Appear ASA                    R,Allemagne,0,,A_VERIFIER
Y96.F,Nations Royalty Corp.         R,Allemagne,0,,A_VERIFIER
GMWA.F,Boab Metals Ltd.              R,Allemagne,0,,A_VERIFIER
VT6.F,Voyager Therapeutics Inc.     R,Allemagne,1034,0001640266,A_VERIFIER
QS0.F,Silver Crown Royalties Inc.   R,Allemagne,0,,A_VERIFIER
1ON.F,Huckleberry.ai Inc.           R,Allemagne,630,0001505952,A_VERIFIER
I49.F,Master Drilling Group Ltd.    R,Allemagne,0,,A_VERIFIER
0WT.F,Kanamic Network Co. LTD.      R,Allemagne,0,,A_VERIFIER
N4Q1.F,Hemisphere Energy Corp.       R,Allemagne,0,,A_VERIFIER
4LX.F,General de Alquiler de M. S.A.A,Allemagne,0,,A_VERIFIER
GW7.F,Fais Holding S.A.             N,Allemagne,0,,A_VERIFIER
5RG.F,Altair Minerals Ltd.          R,Allemagne,0,,A_VERIFIER
MUT3.F,MINERALBR.UEBERK.-VZ-,Allemagne,0,,A_VERIFIER
8CB0.F,Cannara Biotech Inc.          R,Allemagne,0,,A_VERIFIER
1EH.F,Dominion Hosting Hldg S.p.A.  A,Allemagne,0,,A_VERIFIER
WW60.F,WW International Inc.         R,Allemagne,1465,0000105319,A_VERIFIER
0O9.F,Niu Technologies              R,Allemagne,192,0001744781,A_VERIFIER
44N.F,ZUIKO CORP.                   R,Allemagne,0,,A_VERIFIER
OCC.F,Optical Cable Corp.           R,Allemagne,1367,0001000230,A_VERIFIER
LE70.F,Lee Enterprises Inc.          R,Allemagne,1209,0000058361,A_VERIFIER
S3T.F,Shutterstock Inc.             R,Allemagne,1122,0001549346,A_VERIFIER
8F5.F,Eagle Bancorp Montana Inc.    R,Allemagne,891,0001478454,A_VERIFIER
HSW.F,Hostelworld Group PLC         R,Allemagne,0,,A_VERIFIER
S2Y.F,Digia Oyj                     R,Allemagne,0,,A_VERIFIER
X1B.F,HAFFNER ENERGY S.A.           A,Allemagne,0,,A_VERIFIER
R9L.F,ACRES Commercial Realty Corp. R,Allemagne,0,,A_VERIFIER
ID9.F,Helloworld Travel Ltd.        R,Allemagne,0,,A_VERIFIER
XPK.F,White Energy Co. Ltd.         R,Allemagne,0,,A_VERIFIER
J97.F,EKTER S.A.                    N,Allemagne,0,,A_VERIFIER
6DU.F,Duluth Holdings Inc.          R,Allemagne,939,0001649744,A_VERIFIER
WAY.F,Shenwan Hongyuan (H.K.) Ltd.  R,Allemagne,0,,A_VERIFIER
M9X.F,WhiteHorse Finance Inc.       R,Allemagne,256,0001552198,A_VERIFIER
25D.F,TRIFAST PLC                   R,Allemagne,0,,A_VERIFIER
EWC.SG,Chaowei Power Holdings Ltd,Allemagne,0,,A_VERIFIER
JNY.F,JW (Cayman) Therapeut. Co. LtdR,Allemagne,0,,A_VERIFIER
LKT.F,Lucara Diamond Corp.          R,Allemagne,0,,A_VERIFIER
EAQ.F,EASTERN CO. THE               R,Allemagne,0,,A_VERIFIER
OA5.F,Dynacor Group Inc.            R,Allemagne,0,,A_VERIFIER
ZHY.F,Zhou Hei Ya Intrn. Hld.Co.Ltd R,Allemagne,0,,A_VERIFIER
6C4.F,Chimimport JSC                R,Allemagne,0,,A_VERIFIER
AYD.SG,Assistance Technique et Etudes,Allemagne,0,,A_VERIFIER
MZ3.SG,Sparebank 1 Nordmore,Allemagne,0,,A_VERIFIER
8JC.F,Metallium Ltd.                R,Allemagne,0,,A_VERIFIER
5YU0.F,Sinclair Gold Ltd.            R,Allemagne,0,,A_VERIFIER
M7P.F,Intred S.p.A.                 A,Allemagne,0,,A_VERIFIER
WUG.HM,Westag AG                     I,Allemagne,0,,A_VERIFIER
9Z9.SG,Castings PLC,Allemagne,0,,A_VERIFIER
WM8.SG,Grigeo AB,Allemagne,0,,A_VERIFIER
SJ4A.F,TEXAF S.A.                    A,Allemagne,0,,A_VERIFIER
P4N.F,POLYTEC Holding AG            I,Allemagne,0,,A_VERIFIER
3W4.F,Waterco Ltd.                  R,Allemagne,0,,A_VERIFIER
4QK.F,Codexis Inc.                  R,Allemagne,1288,0001200375,A_VERIFIER
6IO.F,Inogen Inc.                   R,Allemagne,1291,0001294133,A_VERIFIER
S5B0.F,Fjord Defence Group ASA       N,Allemagne,0,,A_VERIFIER
VR4.F,LGI Ltd                       R,Allemagne,0,,A_VERIFIER
GG2.F,Gorilla Gold Mines Ltd.       R,Allemagne,0,,A_VERIFIER
KC7.F,AMA Group Ltd.                R,Allemagne,0,,A_VERIFIER
HKR.F,HKR INTERNATIONAL LTD.        R,Allemagne,0,,A_VERIFIER
HG6.F,Mayne Pharma Group Ltd.       R,Allemagne,0,,A_VERIFIER
8WG.F,CATERING INTL SVCS S.A.-CIS   A,Allemagne,0,,A_VERIFIER
LIL3.F,Paradise Entertainment Ltd.   R,Allemagne,0,,A_VERIFIER
AYD.F,Assistance Tech.+Et.de Mat.El.A,Allemagne,0,,A_VERIFIER
LW4.F,Impax Asset Management Grp PLCR,Allemagne,0,,A_VERIFIER
HX1A.F,"Hexindo Adiperkasa, PT        R",Allemagne,0,,A_VERIFIER
1FQ.F,Adairs Ltd.                   R,Allemagne,0,,A_VERIFIER
RRN.F,Red Robin Gourmet Burgers Inc.R,Allemagne,0,,A_VERIFIER
F6S0.F,DeFi Development Corp.        R,Allemagne,280,0001805526,A_VERIFIER
3XS0.F,Gunnison Copper Corp.         R,Allemagne,0,0001514860,A_VERIFIER
X7Q.F,Racing Force S.p.A.           A,Allemagne,0,,A_VERIFIER
WRI.F,Elme Communities              R,Allemagne,1511,0000104894,A_VERIFIER
0JW.F,Jeld-Wen Holding Inc.         R,Allemagne,916,0001674335,A_VERIFIER
BAOA.F,Bastogi S.p.A.                A,Allemagne,0,,A_VERIFIER
F0Z.F,EnSilica PLC                  R,Allemagne,0,,A_VERIFIER
MTK.F,Midland Holdings Ltd.         R,Allemagne,0,,A_VERIFIER
CY3.F,Pacific Edge Ltd              R,Allemagne,0,,A_VERIFIER
7SA.F,Skymark Airlines Inc.         R,Allemagne,0,,A_VERIFIER
QS30.F,Solocal Group                 A,Allemagne,0,,A_VERIFIER
GA7.F,Aimia Inc.                    R,Allemagne,0,,A_VERIFIER
0FO.F,Focusrite PLC                 R,Allemagne,0,,A_VERIFIER
HK4.F,HKFoods Oyj                   R,Allemagne,0,,A_VERIFIER
SM5.SG,Sabaf S.p.A.,Allemagne,0,,A_VERIFIER
024.F,Mastermyne Group Ltd.         R,Allemagne,0,,A_VERIFIER
PBS0.F,Precision Biosciences Inc.    R,Allemagne,625,0001357874,A_VERIFIER
ZMK0.F,Mkango Magnetic Materials Ltd.R,Allemagne,0,,A_VERIFIER
GUV.F,Graphisoft Park SE            N,Allemagne,0,,A_VERIFIER
D8M.F,Lindbergh S.p.A.              A,Allemagne,0,,A_VERIFIER
N3A.F,Nippon Aqua Co. Ltd.          R,Allemagne,0,,A_VERIFIER
92Y.F,Jacktel A.S.                  N,Allemagne,0,,A_VERIFIER
8XD.F,GEVELOT S.A.                  A,Allemagne,0,,A_VERIFIER
8C5.F,Coherus Oncology Inc.         R,Allemagne,970,0001512762,A_VERIFIER
3YU.F,Jiumaojiu Interna.Holdings LtdR,Allemagne,0,,A_VERIFIER
81P.F,Synthetica AD-Sofia           R,Allemagne,0,,A_VERIFIER
0LQ.F,EuroDry Ltd.                  R,Allemagne,135,0001731388,A_VERIFIER
9Z9.F,CASTINGS PLC                  R,Allemagne,0,,A_VERIFIER
8L9.F,Atland S.A.                   A,Allemagne,0,,A_VERIFIER
8YM.F,Intelligent Monitoring Group  R,Allemagne,0,,A_VERIFIER
XAR.F,XAAR PLC                      R,Allemagne,0,,A_VERIFIER
0TT.F,Nekkar ASA                    N,Allemagne,0,,A_VERIFIER
AYR.F,Cyprium Metals Ltd.           R,Allemagne,0,,A_VERIFIER
G4P0.F,Lycos Energy Inc.             R,Allemagne,0,,A_VERIFIER
9FX.F,Zhaoke Ophthalmology Ltd.     R,Allemagne,0,,A_VERIFIER
98A.F,TOKYO SANGYO CO. LTD.         R,Allemagne,0,,A_VERIFIER
4EB.F,NeoVolta Inc.                 R,Allemagne,334,0001748137,A_VERIFIER
TXW.F,TEXWINCA HOLDINGS LTD.        R,Allemagne,0,,A_VERIFIER
X4C.F,Polymetals Resources Ltd      R,Allemagne,0,,A_VERIFIER
BQZ.F,Beijing Jingcheng Machin.El.CoR,Allemagne,0,,A_VERIFIER
3TT0.F,Tecnotree Oyj                 R,Allemagne,0,,A_VERIFIER
54GA.F,Sangoma Technologies Corp.    R,Allemagne,48,0001753368,A_VERIFIER
JIL.F,Jilin Prov.Huin.Chang.Bio-pha.R,Allemagne,0,,A_VERIFIER
DR5.F,Byggma ASA                    N,Allemagne,0,,A_VERIFIER
DR5.SG,Byggma ASA,Allemagne,0,,A_VERIFIER
SCD1.F,Shandong Chenm.Paper Hldgs LtdR,Allemagne,0,,A_VERIFIER
H4N.F,Solar Foods Oyj               R,Allemagne,0,,A_VERIFIER
MR3.F,Italian Wine Brands S.p.A.    A,Allemagne,0,,A_VERIFIER
PXS.F,Paragon Care Ltd.             R,Allemagne,0,,A_VERIFIER
0AS.F,Entech SE                     A,Allemagne,0,,A_VERIFIER
O5O.F,Oriola Oyj                    R,Allemagne,0,,A_VERIFIER
LUG.F,Triumph New Energy Co. Ltd.   R,Allemagne,0,,A_VERIFIER
B34.F,Duke Capital Ltd.             R,Allemagne,0,,A_VERIFIER
88M.F,Hexaom S.A.                   A,Allemagne,0,,A_VERIFIER
1BZ.F,Beeks Finan.Cloud Grp.PLC     R,Allemagne,0,,A_VERIFIER
5E6.F,BRC Group Holdings Inc.       R,Allemagne,1545,0001464790,A_VERIFIER
9UQ0.F,Fortifai Ltd.                 R,Allemagne,0,,A_VERIFIER
LJ0.F,Zeda Ltd.                     R,Allemagne,0,,A_VERIFIER
3OV.F,Metal Powder Works Ltd.       R,Allemagne,0,,A_VERIFIER
ESY.HM,EASY SOFTWARE AG              N,Allemagne,0,,A_VERIFIER
MQR1.F,Multi-Chem Ltd.               R,Allemagne,0,,A_VERIFIER
GSP0.F,Comstock Inc.                 R,Allemagne,1416,0001120970,A_VERIFIER
6BU0.F,Burning Rock Biotech Ltd.     R,Allemagne,158,0001792267,A_VERIFIER
4CM.F,YesAsia Holdings Ltd.         R,Allemagne,0,,A_VERIFIER
5K6.F,MACFARLANE GROUP PLC          R,Allemagne,0,,A_VERIFIER
M8W.F,MediWound Ltd.                R,Allemagne,172,0001593984,A_VERIFIER
I6R0.F,Maritana Minerals Ltd.        R,Allemagne,0,,A_VERIFIER
C7E.F,CEGEDIM S.A.                  A,Allemagne,0,,A_VERIFIER
88M.SG,Maisons France Confort S.A.,Allemagne,0,,A_VERIFIER
XUN.F,SHUN TAK HOLDINGS LTD.        R,Allemagne,0,,A_VERIFIER
R9Z.F,Immuneonco Biopharma.(SH) Inc.R,Allemagne,0,,A_VERIFIER
YCX.F,CITIZENS INC.                 R,Allemagne,1236,0000024090,A_VERIFIER
OT7.F,Ontex Group N.V.              A,Allemagne,0,,A_VERIFIER
DDR.F,SITE Centers Corp.            R,Allemagne,1160,0000894315,A_VERIFIER
4SM.F,Magnora ASA                   N,Allemagne,0,,A_VERIFIER
NRC.F,Neuronetics Inc.              R,Allemagne,806,0001227636,A_VERIFIER
7RL.F,Likewise Group PLC            R,Allemagne,0,,A_VERIFIER
VNC1.F,Vince Holding Corp.           R,Allemagne,966,0001579157,A_VERIFIER
ALM1.F,Asara Resources Ltd.          R,Allemagne,0,,A_VERIFIER
9KH.F,SB Financial Group Inc.       R,Allemagne,777,0000767405,A_VERIFIER
F0Z.SG,EnSilica PLC,Allemagne,0,,A_VERIFIER
3F3.F,Foraco International SA       A,Allemagne,0,,A_VERIFIER
1FI.F,Carnaby Resources Ltd.        R,Allemagne,0,,A_VERIFIER
M0W.F,Sport Lisboa e Benfica SAD    A,Allemagne,0,,A_VERIFIER
AJXA.F,AFC Ajax N.V.                 A,Allemagne,0,,A_VERIFIER
8KG.F,EXACOMPTA CLAIREFONTAINE S.A. A,Allemagne,0,,A_VERIFIER
TIW.F,TIN INN Holding AG            v,Allemagne,0,,A_VERIFIER
NJ2.F,Nippon Coke & Engineering Co. R,Allemagne,0,,A_VERIFIER
57V.F,Angel Oak Mortgage REIT Inc.  R,Allemagne,286,0001766478,A_VERIFIER
O94.F,ROULARTA MEDIA GROUP N.V.     A,Allemagne,0,,A_VERIFIER
USY1.F,Unisys Corp.                  R,Allemagne,1200,0000746838,A_VERIFIER
GZT.F,Eva Precision Indl. Hldg. Ltd.R,Allemagne,0,,A_VERIFIER
2PQ.F,Organogenesis Holdings Inc.   R,Allemagne,753,0001661181,A_VERIFIER
1UC0.F,Cue Biopharma Inc.            R,Allemagne,643,0001645460,A_VERIFIER
I5J.F,INVICTA HOLDINGS LTD.         R,Allemagne,0,,A_VERIFIER
MUT.F,MINERALBR.UEBERKINGEN ST,Allemagne,0,,A_VERIFIER
WU3.F,Helius Minerals Ltd.          R,Allemagne,0,,A_VERIFIER
YSZ0.F,Youzan Technology Ltd.        R,Allemagne,0,,A_VERIFIER
6G0.F,Aurum Resources Ltd.          R,Allemagne,0,,A_VERIFIER
0AS.SG,Entech SE,Allemagne,0,,A_VERIFIER
9MZ.F,Springfield Properties PLC    R,Allemagne,0,,A_VERIFIER
31F.F,Medical Facilities Corp.      R,Allemagne,0,,A_VERIFIER
5EV0.F,Orogen Royalties Inc.         R,Allemagne,0,,A_VERIFIER
5L0.F,Mainstreet Bancshares Inc.    R,Allemagne,414,0001693577,A_VERIFIER
DB2.F,D-Box Technologies Inc.       R,Allemagne,0,,A_VERIFIER
AGX.F,Silver X Mining Corp.         R,Allemagne,0,0001482436,A_VERIFIER
6NT.F,Mayfield Group Holdings Ltd.  R,Allemagne,0,,A_VERIFIER
90G.F,DAISHINKU CORP.               R,Allemagne,0,,A_VERIFIER
B34.SG,Duke Royalty Ltd.,Allemagne,0,,A_VERIFIER
FQ00.F,PetroNor E&P ASA              N,Allemagne,0,,A_VERIFIER
R3E.F,Real Matters Inc.             R,Allemagne,0,,A_VERIFIER
1Q6.F,ProSafe SE                    N,Allemagne,0,,A_VERIFIER
MJG1.F,Major Cineplex Group PCL      R,Allemagne,0,,A_VERIFIER
15V.F,Verkkokauppa.com OYJ          R,Allemagne,0,,A_VERIFIER
K46.F,Jersey Electricity PLC        R,Allemagne,0,,A_VERIFIER
SUT.F,Productive Technologies Co.LtdR,Allemagne,0,,A_VERIFIER
6PW.F,Digital Grid Corp.            R,Allemagne,0,,A_VERIFIER
P1F.F,Columbus A/S                  N,Allemagne,0,,A_VERIFIER
RAM.F,RADCOM LTD.                   R,Allemagne,304,0001016838,A_VERIFIER
NUN.F,Northern Minerals Ltd.        R,Allemagne,0,,A_VERIFIER
PEZ.F,Perennial Energy Hldgs Ltd.   R,Allemagne,0,,A_VERIFIER
3QT1.F,CuriosityStream Inc.          R,Allemagne,470,0001776909,A_VERIFIER
TVJ.F,Tsukada Global Holdings Inc.  R,Allemagne,0,,A_VERIFIER
QK9.F,Eurogroup Laminations S.p.A.  A,Allemagne,0,,A_VERIFIER
RLL.F,PERSONAL GROUP HOLDINGS PLC   R,Allemagne,0,,A_VERIFIER
6H90.F,HealWELL AI Inc.              R,Allemagne,0,0001999124,A_VERIFIER
UD1.F,Pedevco Corp.                 R,Allemagne,1069,0001141197,A_VERIFIER
9S5.F,Fine Foods+Phar.N.T.M. S.p.A. A,Allemagne,0,,A_VERIFIER
YI4.F,GDEV Inc.                     R,Allemagne,105,0001848739,A_VERIFIER
BGD3.F,Barton Gold Holdings Ltd.     R,Allemagne,0,,A_VERIFIER
W3J.F,Happy Belly Food Group Inc.   R,Allemagne,0,,A_VERIFIER
6I6.F,HIROSHIMA GAS CO. LTD.        R,Allemagne,0,,A_VERIFIER
L0A.F,Deezer S.A.                   A,Allemagne,0,,A_VERIFIER
V6L.F,Better Home & Finance Hldg.Co.R,Allemagne,0,,A_VERIFIER
8AGA.F,TPG Mortgage Investment Trust R,Allemagne,0,,A_VERIFIER
45S.F,Soho China Ltd.               R,Allemagne,0,,A_VERIFIER
6MM.F,Southern Cross Media Group LtdR,Allemagne,0,,A_VERIFIER
OCD1.F,Niagen Bioscience Inc.        R,Allemagne,1088,0001386570,A_VERIFIER
3FDA.F,Premia Real Estate Inv.Co.SA  N,Allemagne,0,,A_VERIFIER
8NR.F,NRC Group ASA                 N,Allemagne,0,,A_VERIFIER
D0Y.F,Toro Corp.                    R,Allemagne,64,0001941131,A_VERIFIER
SPT6.F,Beta Systems Software AG      I,Allemagne,0,,A_VERIFIER
6P4.F,Petrus Resources Ltd.         R,Allemagne,0,,A_VERIFIER
B5R.F,Berkeley Energia Ltd.         R,Allemagne,0,,A_VERIFIER
R4I.F,Red Hill Minerals Ltd.        R,Allemagne,0,,A_VERIFIER
W33.F,BioVersys AG                  N,Allemagne,0,,A_VERIFIER
DB7.F,DIGITAL BROS S.P.A.           A,Allemagne,0,,A_VERIFIER
MSGL.HM,msg life ag                   I,Allemagne,0,,A_VERIFIER
3NA.F,Mobico Group PLC              R,Allemagne,0,,A_VERIFIER
IN9.F,INTEST CORP.                  R,Allemagne,1041,0001036262,A_VERIFIER
71T.F,Brickability Group PLC        R,Allemagne,0,,A_VERIFIER
FET.F,FAR EAST CONSORTIUM INTL LTD. R,Allemagne,0,,A_VERIFIER
4ZG.F,Median Technologies           A,Allemagne,0,,A_VERIFIER
T7C0.F,Denarius Metals Corp.         R,Allemagne,0,,A_VERIFIER
IZH.F,M & C Saatchi PLC             R,Allemagne,0,,A_VERIFIER
TED.F,TerrAscend Corp.              R,Allemagne,372,0001778129,A_VERIFIER
T9W.F,Thessal.Water Suppl.+Sewer.Co.N,Allemagne,0,,A_VERIFIER
BKG.F,Baoye Group Co. Ltd.          R,Allemagne,0,,A_VERIFIER
CIOC.F,China Aerospace Intl. Ltd.    R,Allemagne,0,,A_VERIFIER
WS7A.F,Binhai Investment Co. Ltd.    R,Allemagne,0,,A_VERIFIER
I6X.MU,Icelandic Salmon AS           N,Allemagne,0,,A_VERIFIER
RZT.F,Merafe Resources Ltd.         R,Allemagne,0,,A_VERIFIER
MP9.F,Maxim Power Corp.             R,Allemagne,0,,A_VERIFIER
H1B.F,Olympia Financial Group Inc.  R,Allemagne,0,,A_VERIFIER
3U8.F,Draganfly Inc.                R,Allemagne,75,0001786286,A_VERIFIER
E8Q.F,Smart Parking Ltd.            R,Allemagne,0,,A_VERIFIER
3WG.SG,Wallix Group S.A.,Allemagne,0,,A_VERIFIER
6YQ.F,Eurocell PLC                  R,Allemagne,0,,A_VERIFIER
U7MA.F,CNNC International Ltd.       R,Allemagne,0,,A_VERIFIER
K3A.F,Kongsberg Automotive ASA      N,Allemagne,0,,A_VERIFIER
2GX.F,STONERIDGE INC.               R,Allemagne,1430,0001043337,A_VERIFIER
BRW.F,BRIQ Propert.Real Est.Inv.Co. N,Allemagne,0,,A_VERIFIER
2OQ.F,Amplify Energy Corp. New      R,Allemagne,0,,A_VERIFIER
ZMM.F,Maisons du Monde S.A.         A,Allemagne,0,,A_VERIFIER
1D8.F,Accsys Technologies PLC       R,Allemagne,0,,A_VERIFIER
60E.F,Salmon Evolution ASA          N,Allemagne,0,,A_VERIFIER
MXD.F,MIN XIN HOLDINGS LTD.         R,Allemagne,0,,A_VERIFIER
D7Q1.F,Monument Mining Ltd.          R,Allemagne,0,,A_VERIFIER
3WG.F,Wallix Group S.A.             A,Allemagne,0,,A_VERIFIER
662.F,Broken Hill Mines Ltd.        R,Allemagne,0,,A_VERIFIER
MRR.F,Reach PLC                     R,Allemagne,0,,A_VERIFIER
I9C.F,Amber Int. Holding Ltd.       R,Allemagne,0,,A_VERIFIER
2ME.F,SHIMA SEIKI MFG. LTD.         R,Allemagne,0,,A_VERIFIER
7N70.F,Alpha Cognition Inc.          R,Allemagne,162,0001655923,A_VERIFIER
CMF.F,CAMELLIA PLC                  R,Allemagne,0,,A_VERIFIER
CMF.SG,Camellia PLC,Allemagne,0,,A_VERIFIER
1CY.F,China Yong.Autom.Ser.Hldgs LtdR,Allemagne,0,,A_VERIFIER
PC5.F,SODA NIKKA CO. LTD.           R,Allemagne,0,,A_VERIFIER
24S.F,Strategic Minerals PLC        R,Allemagne,0,,A_VERIFIER
77Q.F,Knights Group Holdings Ltd.   R,Allemagne,0,,A_VERIFIER
5NQ.F,Agilyx ASA                    N,Allemagne,0,,A_VERIFIER
GF7.F,GEFRAN S.P.A.                 A,Allemagne,0,,A_VERIFIER
NFU.MU,Nisshin Group Holdings Co.Ltd.R,Allemagne,0,,A_VERIFIER
DKG.DE,DT.KONSUM REAL EST.AG         I,Allemagne,0,,A_VERIFIER
CHO1.F,Comstock Holding Companies IncR,Allemagne,0,,A_VERIFIER
4Q01.F,RideNow Group Inc.            R,Allemagne,849,0001596961,A_VERIFIER
OVER.F,Neighborhood Intelligence Inc.R,Allemagne,0,,A_VERIFIER
6G6.F,Superior Group of Cies Inc.   R,Allemagne,0,,A_VERIFIER
E35.F,Guanajuato Silver Company Ltd.R,Allemagne,0,,A_VERIFIER
8OX1.SG,Oxley Holdings Ltd.,Allemagne,0,,A_VERIFIER
1KX0.F,Meeka Metals Ltd.             R,Allemagne,0,,A_VERIFIER
M8M.F,CB Financial Services Inc.    R,Allemagne,738,0001605301,A_VERIFIER
5RO.F,Roche Bobois S.A.             A,Allemagne,0,,A_VERIFIER
TNR.F,Tribune Resources Ltd.        R,Allemagne,0,,A_VERIFIER
7E1.F,Delta Plus Group S.A.         A,Allemagne,0,,A_VERIFIER
978.F,Adagene Inc.                  R,Allemagne,120,0001818838,A_VERIFIER
73Q.F,Kaltura Inc.                  R,Allemagne,443,0001432133,A_VERIFIER
9W0.F,Stack Capital Group Inc.      R,Allemagne,0,,A_VERIFIER
XYUA.F,Hengdeli Holdings Ltd.        R,Allemagne,0,,A_VERIFIER
HIN0.F,Kantra Copper Ltd.            R,Allemagne,0,,A_VERIFIER
M2Z.F,Seeing Machines Ltd.          R,Allemagne,0,,A_VERIFIER
MW4.F,Akwel S.A.                    A,Allemagne,0,,A_VERIFIER
22L.F,Nordic Aqua Partners AS       N,Allemagne,0,,A_VERIFIER
8NN.F,Thor Medical ASA              N,Allemagne,0,,A_VERIFIER
1S70.F,Cartesian Therapeutics Inc.   R,Allemagne,991,0001453687,A_VERIFIER
B7H.F,Horizon Construction Developm.R,Allemagne,0,,A_VERIFIER
GQ6.F,Lanson-BCC                    A,Allemagne,0,,A_VERIFIER
GGN.F,CERAGON NETWORKS LTD.         R,Allemagne,288,0001119769,A_VERIFIER
24S.SG,Strategic Minerals PLC,Allemagne,0,,A_VERIFIER
Y4E.F,Ramada Investiment.e Indust.SAA,Allemagne,0,,A_VERIFIER
L5D.F,L.K. Technology Holdings Ltd. R,Allemagne,0,,A_VERIFIER
CK7.F,China Everbright Greent. Ltd. R,Allemagne,0,,A_VERIFIER
9UZ.F,A.B.P. NOCIVELLI S.p.A.       A,Allemagne,0,,A_VERIFIER
MIS.F,Monash IVF Group Ltd.         R,Allemagne,0,,A_VERIFIER
2YU.F,China Yuhua Education Corp.LtdR,Allemagne,0,,A_VERIFIER
YF0.F,Energy Svcs of America Corp.  R,Allemagne,0,,A_VERIFIER
61Z1.F,Züblin Immobilien Holding AG,Allemagne,0,,A_VERIFIER
DGN.F,Dongjiang Environm. Co. Ltd.  R,Allemagne,0,,A_VERIFIER
0GV.F,Neostellar Capital Corp.      R,Allemagne,250,0001509470,A_VERIFIER
DKC.F,Asia Tele-Net                 C,Allemagne,0,,A_VERIFIER
E08A.F,Exagen Inc.                   R,Allemagne,586,0001274737,A_VERIFIER
GET.F,Compagnie Chargeurs Invest SA A,Allemagne,0,,A_VERIFIER
63E.SG,ONWARD Medical B.V.,Allemagne,0,,A_VERIFIER
D6X.F,WildBrain Ltd.                R,Allemagne,0,,A_VERIFIER
SZ9.F,Perfect Corp.                 R,Allemagne,80,0001899830,A_VERIFIER
FGPN.F,Octave Specialty Group Inc.   R,Allemagne,745,0000874501,A_VERIFIER
XIC.F,Klaipedos Nafta AB            R,Allemagne,0,,A_VERIFIER
4JO.F,Northern Ocean Ltd.           R,Allemagne,0,,A_VERIFIER
O6M.F,ORVANA MINERALS CORP.         R,Allemagne,0,,A_VERIFIER
OEL.F,ADM Hamburg AG                I,Allemagne,0,,A_VERIFIER
SC5A.F,Deoleo S.A.                   A,Allemagne,0,,A_VERIFIER
0TX.F,VEF AB                        N,Allemagne,0,,A_VERIFIER
07K.F,Krakatau Steel(Persero) TBK PTR,Allemagne,0,,A_VERIFIER
1C6.F,Corporate Travel Management   R,Allemagne,0,,A_VERIFIER
HVB.F,STRA Hannov.Verkehrsbetr. AG In,Allemagne,0,,A_VERIFIER
XQN.F,Core Molding Technologies Inc.R,Allemagne,0,,A_VERIFIER
T9Z.F,Zumtobel Group AG             I,Allemagne,0,,A_VERIFIER
5MU.F,One Stop Systems Inc.         R,Allemagne,692,0001394056,A_VERIFIER
BGR.F,China High-Speed Trans.Equip. R,Allemagne,0,,A_VERIFIER
DHR.F,B & G Foods Inc.(New)         R,Allemagne,0,,A_VERIFIER
63E.F,ONWARD Medical B.V.           A,Allemagne,0,,A_VERIFIER
9CK.F,China Kepei Education Grp Ltd.R,Allemagne,0,,A_VERIFIER
FC8.F,CONSUMER PORTFOLIO SVCS INC.  R,Allemagne,0,,A_VERIFIER
EDA.F,FocalTherics                  A,Allemagne,0,,A_VERIFIER
PGZ.F,Healius Ltd.                  R,Allemagne,0,,A_VERIFIER
LH1.F,Lifetime Brands Inc.          R,Allemagne,1167,0000874396,A_VERIFIER
9IA.F,Andrada Mining Ltd.           R,Allemagne,0,,A_VERIFIER
RIK.F,RCI Hospitality Holdings Inc. R,Allemagne,0,,A_VERIFIER
95D.F,ActiveOps PLC                 R,Allemagne,0,,A_VERIFIER
N4T.F,Polaris Renewable Energy Inc. R,Allemagne,0,,A_VERIFIER
TM9.F,Noram Drilling Company A.S.   N,Allemagne,0,,A_VERIFIER
LIW.F,LIU CHONG HING INVESTMENT LTD.R,Allemagne,0,,A_VERIFIER
SG5.F,Troops Inc.                   R,Allemagne,0,,A_VERIFIER
32D.F,DHI Group Inc.                R,Allemagne,1442,0001393883,A_VERIFIER
5IK.F,Inkeverse Group Ltd.          R,Allemagne,0,,A_VERIFIER
54M.F,Motorcar Parts of America Inc.R,Allemagne,0,,A_VERIFIER
N67.F,BLE KEDROS REIC               N,Allemagne,0,,A_VERIFIER
BU3.F,Exodus Movement Inc.          R,Allemagne,165,0001821534,A_VERIFIER
QKL1.F,QuickLogic Corp.              R,Allemagne,1279,0000882508,A_VERIFIER
A3A.F,Alumil Aluminium Industry S.A.N,Allemagne,0,,A_VERIFIER
R9B.F,DeFi Technologies Inc.        R,Allemagne,18,0001888274,A_VERIFIER
MW4.SG,Akwel S.A.,Allemagne,0,,A_VERIFIER
C38.F,Crest Nicholson Holdings PLC  R,Allemagne,0,,A_VERIFIER
TM9.SG,Noram Drilling Company A.S.,Allemagne,0,,A_VERIFIER
ZP7.F,Directa Sim S.p.A.            A,Allemagne,0,,A_VERIFIER
P9A.F,Praemium Ltd.                 R,Allemagne,0,,A_VERIFIER
3K2.F,Expert.AI S.p.A.              A,Allemagne,0,,A_VERIFIER
1J2.F,Warpaint London PLC           R,Allemagne,0,,A_VERIFIER
F1H.F,Frauenthal Holding AG         I,Allemagne,0,,A_VERIFIER
XWM0.F,National CineMedia Inc.       R,Allemagne,1361,0001377630,A_VERIFIER
Z68.F,Luca Mining Corp.             R,Allemagne,0,,A_VERIFIER
UJ0.F,West Red Lake Gold Mines Ltd. R,Allemagne,0,,A_VERIFIER
S0G.F,St. George Mining Ltd.        R,Allemagne,0,,A_VERIFIER
TNY1.SG,China Merchants Land Ltd.,Allemagne,0,,A_VERIFIER
6E5.F,Nordhealth AS                 N,Allemagne,0,,A_VERIFIER
A2T.F,Atrys Health S.A.             A,Allemagne,0,,A_VERIFIER
3V20.F,Toubani Resources Ltd.        R,Allemagne,0,,A_VERIFIER
N5X.F,Maritime Launch Services Inc. R,Allemagne,0,,A_VERIFIER
4VL.F,Genel Energy PLC              R,Allemagne,0,,A_VERIFIER
FAR.F,FreightCar America Inc.       R,Allemagne,1197,0001320854,A_VERIFIER
4C1.F,China Dongxiang Group Co.     R,Allemagne,0,,A_VERIFIER
ZD8.F,Pacific Lime and Cement Ltd.  R,Allemagne,0,,A_VERIFIER
IBG.F,IBERPAPEL GESTION S.A.        A,Allemagne,0,,A_VERIFIER
FFR.F,FORRESTER RESEARCH INC.       R,Allemagne,1357,0001023313,A_VERIFIER
T62.F,TOHO ZINC CO. LTD.            R,Allemagne,0,,A_VERIFIER
LYV.F,Orron Energy AB               N,Allemagne,0,,A_VERIFIER
GR6.F,Gradus AD                     R,Allemagne,0,,A_VERIFIER
0GF.F,Graphene Manufacturing Group  R,Allemagne,0,,A_VERIFIER
R5L.F,CIE IMMOBILIERE DE BELGIQUE SAA,Allemagne,0,,A_VERIFIER
CB4.F,CAC Holdings Corp.            R,Allemagne,0,,A_VERIFIER
MIO.F,Mincon Group PLC              R,Allemagne,0,,A_VERIFIER
07R.F,Streamwide SA                 A,Allemagne,0,,A_VERIFIER
0MD.F,Squirrel Media S.A.           A,Allemagne,0,,A_VERIFIER
PDXN.F,Pro-Dex Inc.                  R,Allemagne,1239,0000788920,A_VERIFIER
41I.F,Ares Commercial Real Est.Corp.R,Allemagne,0,,A_VERIFIER
PSQ.F,Somboon Advance Technology PCLR,Allemagne,0,,A_VERIFIER
MUY.F,MULBERRY GROUP PLC            R,Allemagne,0,,A_VERIFIER
IMY.F,IMMSI S.P.A.                  A,Allemagne,0,,A_VERIFIER
27K.SG,Kangda International Environmen,Allemagne,0,,A_VERIFIER
5PMA.F,GreenX Metals Ltd.            R,Allemagne,0,,A_VERIFIER
6Z8.F,eVISO S.p.A.                  A,Allemagne,0,,A_VERIFIER
TQW.F,TULLOW OIL PLC                R,Allemagne,0,,A_VERIFIER
CCP.SG,Celtic PLC,Allemagne,0,,A_VERIFIER
3DO.F,dotDigital Group PLC          R,Allemagne,0,,A_VERIFIER
9KJ.F,NX Filtration B.V.            A,Allemagne,0,,A_VERIFIER
433.F,Appen Ltd.                    R,Allemagne,0,,A_VERIFIER
FTO.F,FEINTOOL INTERNATIONAL HOLDINGN,Allemagne,0,,A_VERIFIER
4RS.F,Reach Subsea ASA              N,Allemagne,0,,A_VERIFIER
OT8.F,Eleving Group                 A,Allemagne,0,,A_VERIFIER
EZ8.F,Koskisen Oyj                  R,Allemagne,0,,A_VERIFIER
EK9.F,Aplicaciones y Tratamiento de A,Allemagne,0,,A_VERIFIER
ZM3.F,Zumiez Inc.                   R,Allemagne,1267,0001318008,A_VERIFIER
000.F,Bitzero Holdings Inc.         R,Allemagne,0,0002100457,A_VERIFIER
TXC2.F,Teixeira Duarte S.A.          N,Allemagne,0,,A_VERIFIER
JCM.F,JAPAN CASH MACHINE CO. LTD.   R,Allemagne,0,,A_VERIFIER
BUOB.F,BANG & OLUFSEN AS             N,Allemagne,0,,A_VERIFIER
2L2.F,Limoneira Co.                 R,Allemagne,1243,0001342423,A_VERIFIER
S13.F,Qingdao AInnovation Tech.Grp. R,Allemagne,0,,A_VERIFIER
CHC1.F,Hot Chili Ltd.                R,Allemagne,0,0001562823,A_VERIFIER
4ZL.F,Alta Equipment Group Inc.     R,Allemagne,564,0001759824,A_VERIFIER
0CD.F,Canatu Oyj                    R,Allemagne,0,,A_VERIFIER
3XT.F,EXCO TECHNOLOGIES LTD.        R,Allemagne,0,,A_VERIFIER
I8D.F,ISDN Holdings Ltd.            R,Allemagne,0,,A_VERIFIER
HF5.F,Honma Golf Ltd                R,Allemagne,0,,A_VERIFIER
7XR.F,IBJ Inc.                      R,Allemagne,0,,A_VERIFIER
1E91.SG,Econocom Group S.A.,Allemagne,0,,A_VERIFIER
35J.F,Canaan Inc.                   R,Allemagne,162,0001780652,A_VERIFIER
9YG.F,Deep Value Driller AS         N,Allemagne,0,,A_VERIFIER
WWY1.SG,E-Commodities Holdings Ltd.,Allemagne,0,,A_VERIFIER
BAI0.F,Cerrado Gold Inc.             R,Allemagne,0,,A_VERIFIER
89W.F,Ecoener S.A.                  A,Allemagne,0,,A_VERIFIER
UZQ.F,Kogan.Com Ltd                 R,Allemagne,0,,A_VERIFIER
3T00.F,Titan Mining Corp.            R,Allemagne,15,0001791703,A_VERIFIER
TQ2.F,TOYO KANETSU K.K.             R,Allemagne,0,,A_VERIFIER
2FH.F,Fourlis Holdings S.A.         N,Allemagne,0,,A_VERIFIER
ZVR.F,Solar A/S                     N,Allemagne,0,,A_VERIFIER
BY9.F,Qunabox Group Ltd.            R,Allemagne,0,,A_VERIFIER
PBDA.F,Protalix BioTherapeutics Inc. R,Allemagne,0,,A_VERIFIER
5TJ.F,Computer Modelling Group Ltd. R,Allemagne,0,,A_VERIFIER
5FM0.F,BEWI Invest ASA               N,Allemagne,0,,A_VERIFIER
CTNK.F,centrotherm international AG  I,Allemagne,0,,A_VERIFIER
IC5.F,Yamashin-Filter Corp.         R,Allemagne,0,,A_VERIFIER
2PR3.F,Pruksa Holdings PCL           R,Allemagne,0,,A_VERIFIER
EPL.F,ETTEPLAN OYI                  R,Allemagne,0,,A_VERIFIER
AY8.SG,APT Satellite Holdings Ltd.,Allemagne,0,,A_VERIFIER
TGNA.F,TRANSGENE S.A.                A,Allemagne,0,,A_VERIFIER
779.F,Acadian Timber Corp.          R,Allemagne,0,,A_VERIFIER
6TU.F,EnCore Energy Corp.           R,Allemagne,185,0001500881,A_VERIFIER
HX8.F,Ballard Mining Ltd.           R,Allemagne,0,,A_VERIFIER
45H.F,First Internet Bancorp.       R,Allemagne,699,0001562463,A_VERIFIER
3WB.SG,Waberers International PLC,Allemagne,0,,A_VERIFIER
8FN.F,FNM S.p.A.                    A,Allemagne,0,,A_VERIFIER
1SD.F,Smart Sand Inc.               R,Allemagne,949,0001529628,A_VERIFIER
SCG.SG,Sporting Lissabon,Allemagne,0,,A_VERIFIER
EPU.F,Emperor Watch & Jewellery Ltd.R,Allemagne,0,,A_VERIFIER
3UD.F,Helios Fairfax Partners Corp. R,Allemagne,0,,A_VERIFIER
93V.F,Instabank ASA                 N,Allemagne,0,,A_VERIFIER
M7X.F,Meridian Corp.                R,Allemagne,417,0001750735,A_VERIFIER
81Y.SG,Zalaris ASA,Allemagne,0,,A_VERIFIER
7DC.F,Diaceutics PLC                R,Allemagne,0,,A_VERIFIER
OW0A.F,Onity Group Inc.              R,Allemagne,1149,0000873860,A_VERIFIER
J4Y.F,Smart Organic Ad              R,Allemagne,0,,A_VERIFIER
3FF.F,FutureFuel Corp.              R,Allemagne,1525,0001337298,A_VERIFIER
UTM.F,UTAH MEDICAL PRODUCTS INC.    R,Allemagne,1203,0000706698,A_VERIFIER
T6N.F,Smiths News PLC               R,Allemagne,0,,A_VERIFIER
K9N.F,ChargePoint Holdings Inc.     R,Allemagne,557,0001777393,A_VERIFIER
N3B.F,Anbio Biotechnology           R,Allemagne,36,0001982708,A_VERIFIER
MBJ.F,MBIA INC.                     R,Allemagne,1013,0000814585,A_VERIFIER
30M.F,Myer Holdings Ltd.            R,Allemagne,0,,A_VERIFIER
84H.F,Sichuan Energy Investment DeveR,Allemagne,0,,A_VERIFIER
XSNA.F,SECURITY NATIONAL FINL CORP.  R,Allemagne,0,,A_VERIFIER
2BM.F,CF Bankshares Inc.            R,Allemagne,723,0001070680,A_VERIFIER
SQZ.F,SEACOR Marine Holdings Inc.   R,Allemagne,582,0001690334,A_VERIFIER
CCP.F,CELTIC PLC                    R,Allemagne,0,,A_VERIFIER
B120.F,Kolibri Global Energy Inc.    R,Allemagne,39,0001477081,A_VERIFIER
OIH.F,CSI Properties Ltd.           R,Allemagne,0,,A_VERIFIER
8SW.F,Archer Ltd.                   R,Allemagne,0,,A_VERIFIER
RI7.F,RIBER S.A.                    A,Allemagne,0,,A_VERIFIER
VCM.F,Vecima Networks Inc.          R,Allemagne,0,,A_VERIFIER
838.F,CLS Holdings PLC              R,Allemagne,0,,A_VERIFIER
B2K.F,Bell Equipment Ltd.           R,Allemagne,0,,A_VERIFIER
7ES1.F,Eastern Water Res Dev&Mgmt PCLR,Allemagne,0,,A_VERIFIER
XDH.F,Xingda Intl Hldgs Ltd.        R,Allemagne,0,,A_VERIFIER
35J.SG,Canaan Inc. (ADRs),Allemagne,0,,A_VERIFIER
6CQ.F,Cresco Labs Inc.              R,Allemagne,70,0001832928,A_VERIFIER
TP3.F,Thrace Plastics Holding&Com.SAN,Allemagne,0,,A_VERIFIER
FQV.F,Spok Holdings Inc.            R,Allemagne,1510,0001289945,A_VERIFIER
G6G0.F,GrafTech International Ltd.   R,Allemagne,1195,0000931148,A_VERIFIER
9VI.F,Tess Holdings Co. Ltd.        R,Allemagne,0,,A_VERIFIER
UM7.F,Eureka Group Holdings Ltd.    R,Allemagne,0,,A_VERIFIER
6AH.F,Ausnutria Dairy Corp. Ltd.    R,Allemagne,0,,A_VERIFIER
V7XN.F,Vuzix Corp.                   R,Allemagne,1480,0001463972,A_VERIFIER
AR2.F,Imperial Petroleum Inc.       R,Allemagne,0,,A_VERIFIER
0PQ.F,ProQR Therapeutics N.V.       A,Allemagne,153,0001612940,A_VERIFIER
NUS.F,NU SKIN ENTERPRISES INC.      R,Allemagne,1226,0001021561,A_VERIFIER
2FH.SG,Fourlis Holding S.A.,Allemagne,0,,A_VERIFIER
784.F,E Split Corp.                 R,Allemagne,0,,A_VERIFIER
HAO.F,Hainan Meilan Intl Airport Co.R,Allemagne,0,,A_VERIFIER
II8.F,ENDO LIGHTING CORP.           R,Allemagne,0,,A_VERIFIER
S090.F,Sutro Biopharma Inc.          R,Allemagne,760,0001382101,A_VERIFIER
SWQ.F,Silver Mines Ltd.             R,Allemagne,0,,A_VERIFIER
2OZA.F,Microvast Holdings Inc.       R,Allemagne,590,0001760689,A_VERIFIER
M3O.F,Beacon Minerals Ltd.          R,Allemagne,0,,A_VERIFIER
BT3.F,Lineage Cell Therapeutics Inc.R,Allemagne,0,,A_VERIFIER
1E91.F,Econocom Group SE             A,Allemagne,0,,A_VERIFIER
M55.F,MacroGenics Inc.              R,Allemagne,1191,0001125345,A_VERIFIER
BTA.F,BTG Consulting PLC            R,Allemagne,0,,A_VERIFIER
GLV.F,GLORIOUS SUN ENTERPRISES LTD. R,Allemagne,0,,A_VERIFIER
0BK.F,MITSUBISHI STEEL MFG. CO. LTD.R,Allemagne,0,,A_VERIFIER
AH2N.F,ASCOM HOLDING AG              N,Allemagne,0,,A_VERIFIER
BC70.F,Capital B S.A.                A,Allemagne,0,,A_VERIFIER
J0H.F,H+H International AS          N,Allemagne,0,,A_VERIFIER
2LYA.F,High Tide Inc.                R,Allemagne,71,0001847409,A_VERIFIER
BJ3.F,Beijing North Star Co. Ltd.   R,Allemagne,0,,A_VERIFIER
OP3.F,OP Bancorp                    R,Allemagne,619,0001722010,A_VERIFIER
PRVA.F,Vanquis Banking Group PLC     R,Allemagne,0,,A_VERIFIER
TZ0.F,Jinmao Property Services Co.  R,Allemagne,0,,A_VERIFIER
JTI.F,Ju Teng Intl Holdings Ltd.    R,Allemagne,0,,A_VERIFIER
AMH.F,AB Amber Grid                 R,Allemagne,0,,A_VERIFIER
P5C.F,Pou Sheng Internat. Hldgs Ltd.R,Allemagne,0,,A_VERIFIER
SD4.F,Spectral Medical Inc.         R,Allemagne,0,,A_VERIFIER
JBX.F,JACK IN THE BOX INC.          R,Allemagne,1284,0000807882,A_VERIFIER
YG6.F,Cinkarna Met.kem.ind. Celje ddN,Allemagne,0,,A_VERIFIER
PHE.F,Cipher Pharmaceuticals Inc.   R,Allemagne,0,,A_VERIFIER
6RN.F,China Renaissance Hldgs Ltd.  R,Allemagne,0,,A_VERIFIER
6RN.SG,China Renaissance Hldgs Ltd.,Allemagne,0,,A_VERIFIER
3KF0.F,Auxly Cannabis Group Inc.     R,Allemagne,0,,A_VERIFIER
SMG.F,Magnachip Semiconductor Corp. R,Allemagne,0,,A_VERIFIER
DB0.F,Q32 Bio Inc.                  R,Allemagne,704,0001661998,A_VERIFIER
56P.F,NG Energy International Corp. R,Allemagne,0,,A_VERIFIER
9S2.F,Midwich Group PLC             R,Allemagne,0,,A_VERIFIER
50P.F,Saturn Metals Ltd.            R,Allemagne,0,,A_VERIFIER
5NZ.F,NZX Ltd.                      R,Allemagne,0,,A_VERIFIER
9DB.F,Dave & Buster's Entertain.Inc.R,Allemagne,0,,A_VERIFIER
1J3.F,StarragTornos Group AG        N,Allemagne,0,,A_VERIFIER
EN0.F,Omega Oil & Gas Ltd.          R,Allemagne,0,,A_VERIFIER
FEQ1.F,Laboratorio Reig Jofre S.A.   A,Allemagne,0,,A_VERIFIER
A1T.F,AS Tallinna Vesi              R,Allemagne,0,,A_VERIFIER
AX9.F,Akebia Therapeutics Inc.      R,Allemagne,1129,0001517022,A_VERIFIER
FWQ.F,MGX Resources Ltd.            R,Allemagne,0,,A_VERIFIER
5P1.F,Prim S.A.                     A,Allemagne,0,,A_VERIFIER
6OJ.F,Stelrad Group PLC             R,Allemagne,0,,A_VERIFIER
TU3.F,Tungsten Mining NL            R,Allemagne,0,,A_VERIFIER
295.F,Taaleri OYJ                   R,Allemagne,0,,A_VERIFIER
EMO.F,EM Holdings Co. Ltd.          R,Allemagne,0,,A_VERIFIER
LDE.F,Lifecore Biomedical Inc.      R,Allemagne,0,,A_VERIFIER
IMV.F,IMMERSION CORP.               R,Allemagne,1439,0001058811,A_VERIFIER
UT1.F,ACME UNITED CORP.             R,Allemagne,1175,0000002098,A_VERIFIER
0P1A.F,Turtle Beach Corp.            R,Allemagne,1453,0001493761,A_VERIFIER
GIO.F,GIORDANO INTERNATIONAL LTD.   R,Allemagne,0,,A_VERIFIER
B9O2.F,Serabi Gold PLC               R,Allemagne,0,,A_VERIFIER
AKP.F,ANIKA THERAPEUTICS INC.       R,Allemagne,1324,0000898437,A_VERIFIER
4SG.F,Sol-Gel Technologies Ltd.     R,Allemagne,188,0001684693,A_VERIFIER
3IA.F,Pizza Pizza Royalty Corp.     R,Allemagne,0,,A_VERIFIER
HOJ.F,Horizon Oil Ltd.              R,Allemagne,0,,A_VERIFIER
2UH0.F,Angi Inc.                     R,Allemagne,559,0001705110,A_VERIFIER
41Y.F,BCB Bancorp. Inc.             R,Allemagne,888,0001228454,A_VERIFIER
NH8.F,NIHON TRIM CO. LTD.           R,Allemagne,0,,A_VERIFIER
T70.F,TREDEGAR CORP.                R,Allemagne,1015,0000850429,A_VERIFIER
71F.F,Virgin. Natl Bankshares Corp. R,Allemagne,0,,A_VERIFIER
RJN.F,Strike Energy Ltd.            R,Allemagne,0,,A_VERIFIER
5H3.F,Eleco PLC                     R,Allemagne,0,,A_VERIFIER
TUS.F,TUAN SING HOLDINGS LTD.       R,Allemagne,0,,A_VERIFIER
ORN.F,Oryzon Genomics S.A.          A,Allemagne,0,,A_VERIFIER
17J.F,Journey Energy Inc.           R,Allemagne,0,,A_VERIFIER
Z4R.F,Hong Kong Gold Industry Group R,Allemagne,0,,A_VERIFIER
13H.F,Soho Holly Futures Co. Ltd.   R,Allemagne,0,,A_VERIFIER
8AE.F,GBank Financial Holdings Inc. R,Allemagne,0,,A_VERIFIER
ND4.F,Odfjell Technology Ltd.       R,Allemagne,0,,A_VERIFIER
A6Y0.F,Alvopetro Energy Ltd.         R,Allemagne,0,,A_VERIFIER
489.F,Western New England Bancor.IncR,Allemagne,0,,A_VERIFIER
G0M.F,Gulf Marine Services PLC      R,Allemagne,0,,A_VERIFIER
6ME.F,Metro Mining Ltd.             R,Allemagne,0,,A_VERIFIER
J8D0.F,Newegg Commerce Inc.          R,Allemagne,406,0001474627,A_VERIFIER
4C0.F,Conduent Inc.                 R,Allemagne,723,0001677703,A_VERIFIER
9IE.F,Ohara Inc.                    R,Allemagne,0,,A_VERIFIER
EH3.F,Amarin Corp. PLC              R,Allemagne,0,,A_VERIFIER
NYVU.F,Thoresen Thai Agencies PCL    R,Allemagne,0,,A_VERIFIER
8Q3.F,M+S Hidravlik AD              B,Allemagne,0,,A_VERIFIER
6DY.F,AB Dynamics PLC               R,Allemagne,0,,A_VERIFIER
9CH.F,Galan Lithium Ltd.            R,Allemagne,0,,A_VERIFIER
9UG1.F,Integrated Wind Solutions ASA N,Allemagne,0,,A_VERIFIER
2YMA.F,So-Young International Inc.   R,Allemagne,158,0001758530,A_VERIFIER
JUB.F,Jumbo Interactive Ltd.        R,Allemagne,0,,A_VERIFIER
IMR.F,AC Immune SA                  N,Allemagne,204,0001651625,A_VERIFIER
D6A.F,PC Gold Ltd.                  R,Allemagne,0,,A_VERIFIER
6S7.F,SRT Marine Systems PLC        R,Allemagne,0,,A_VERIFIER
FOS.F,Fonix PLC                     R,Allemagne,0,,A_VERIFIER
C8V.F,Evoke PLC                     R,Allemagne,0,,A_VERIFIER
13B.F,bpost S.A.                    A,Allemagne,0,,A_VERIFIER
TB8A.F,Afentra PLC                   R,Allemagne,0,,A_VERIFIER
FRW.F,Martifer SGPS S.A.            A,Allemagne,0,,A_VERIFIER
T06.F,VISEN Pharmaceuticals         R,Allemagne,0,,A_VERIFIER
ZYD.F,Aspo Oyj                      R,Allemagne,0,,A_VERIFIER
VG30.F,Generalfinance S.p.A.         A,Allemagne,0,,A_VERIFIER
MEF1.F,MCH Group AG                  N,Allemagne,0,,A_VERIFIER
UJ9.F,Shandong Boan Biotechnology CoR,Allemagne,0,,A_VERIFIER
EP3.F,ORASURE TECHNOLOGIES INC.     R,Allemagne,1409,0001116463,A_VERIFIER
2DS.F,CM.com N.V.                   A,Allemagne,0,,A_VERIFIER
JDD.F,JDC Corp. i.K.                R,Allemagne,0,,A_VERIFIER
92P.F,Outdoor Holding Co.           R,Allemagne,722,0001015383,A_VERIFIER
TJN.F,TIANJIN DEVELOPMENT HLDGS LTD.R,Allemagne,0,,A_VERIFIER
WQ6.F,Condor Energies Inc.          R,Allemagne,0,,A_VERIFIER
HRI.F,Shandong Hi-Speed Hldgs.Gr.LtdR,Allemagne,0,,A_VERIFIER
CK5A.F,Clarke Inc.                   R,Allemagne,0,,A_VERIFIER
81Y.F,Zalaris ASA                   N,Allemagne,0,,A_VERIFIER
25E.F,Elan Corp.                    R,Allemagne,0,,A_VERIFIER
AWT.F,"Hackett Group Inc., The       R",Allemagne,0,,A_VERIFIER
R20.F,Palisades Goldcorp Ltd.       R,Allemagne,0,,A_VERIFIER
ED9.F,ESCALADE INC.                 R,Allemagne,1532,0000033488,A_VERIFIER
MD5.F,MEDALLION FINANCIAL CORP.     R,Allemagne,453,0001000209,A_VERIFIER
0KH.SG,Henry Boot PLC,Allemagne,0,,A_VERIFIER
8KW.F,Jadestone Energy PLC          R,Allemagne,0,,A_VERIFIER
MF3.F,Perma-Pipe International Hdgs R,Allemagne,0,,A_VERIFIER
722.F,Antengene Corp. Ltd.          R,Allemagne,0,,A_VERIFIER
7EI.F,Huuuge Inc.                   R,Allemagne,0,,A_VERIFIER
H90.F,UXIN Ltd.                     R,Allemagne,252,0001729173,A_VERIFIER
A23.F,A2Z Cust2Mate Solutions Corp. R,Allemagne,0,,A_VERIFIER
50BA.F,Bicycle Therapeutics Ltd.     R,Allemagne,0,,A_VERIFIER
6VX.F,Healios K.K.                  R,Allemagne,0,,A_VERIFIER
V2W.F,XPERI Inc.                    R,Allemagne,373,0001788999,A_VERIFIER
22B.F,Omega Flex Inc.               R,Allemagne,1212,0001317945,A_VERIFIER
5FD.F,Frontier Development PLC      R,Allemagne,0,,A_VERIFIER
9F2.F,National Bankshares Inc.      R,Allemagne,714,0000796534,A_VERIFIER
AU1.F,AUDIOCODES LTD.               R,Allemagne,302,0001086434,A_VERIFIER
IM4.SG,IMC S.A.,Allemagne,0,,A_VERIFIER
1VW.F,Cerillion PLC                 R,Allemagne,0,,A_VERIFIER
BI1.F,Commerce.com Inc.             R,Allemagne,546,0001626450,A_VERIFIER
1TZ.F,InfuSystems Holdings Inc.     R,Allemagne,0,,A_VERIFIER
